# Enable Expires headers
ExpiresActive On

# Set expiration for image files
ExpiresByType image/jpeg "access plus 1 year"
ExpiresByType image/png "access plus 1 year"
ExpiresByType image/gif "access plus 1 year"
ExpiresByType image/webp "access plus 1 year"

# Set expiration for CSS and JavaScript files
ExpiresByType text/css "access plus 1 second"
ExpiresByType application/javascript "access plus 1 second"
ExpiresByType application/x-javascript "access plus 1 second"

# Set expiration for font files
ExpiresByType application/x-font-ttf "access plus 1 year"
ExpiresByType application/font-woff "access plus 1 year"
ExpiresByType application/font-woff2 "access plus 1 year"

# Set expiration for HTML and XML files
ExpiresByType text/html "access plus 1 second"
ExpiresByType text/xml "access plus 1 second"

# Set expiration for video and audio files
ExpiresByType video/mp4 "access plus 1 month"
ExpiresByType audio/mp3 "access plus 1 month"

# --------------------------------------------- (Rewrite Rules)

RewriteEngine On

# Rewrite Rule For Index File
RewriteRule ^home$ index.html [L]

# Rewrite Rules For Pdf's
RewriteRule ^acronyms-pdf$ /Pdf/swift-acronyms.pdf [L]

# Rewrite Rules For Album Cover Images
RewriteRule ^taylor-swift-cover-old$ /Images/Album-Covers/ts1-old.webp [L]
RewriteRule ^fearless-cover-old$ /Images/Album-Covers/ts2-old.webp [L]
RewriteRule ^speak-now-cover-old$ /Images/Album-Covers/ts3-old.webp [L]
RewriteRule ^red-cover-old$ /Images/Album-Covers/ts4-old.webp [L]
RewriteRule ^1989-cover-old$ /Images/Album-Covers/ts5-old.webp [L]
RewriteRule ^reputation-cover-old$ /Images/Album-Covers/ts6-old.webp [L]

RewriteRule ^taylor-swift-cover$ /Images/Album-Covers/ts1.webp [L]
RewriteRule ^fearless-cover$ /Images/Album-Covers/ts2.webp [L]
RewriteRule ^speak-now-cover$ /Images/Album-Covers/ts3.webp [L]
RewriteRule ^red-cover$ /Images/Album-Covers/ts4.webp [L]
RewriteRule ^1989-cover$ /Images/Album-Covers/ts5.webp [L]
RewriteRule ^reputation-cover$ /Images/Album-Covers/ts6.webp [L]
RewriteRule ^lover-cover$ /Images/Album-Covers/ts7.webp [L]
RewriteRule ^folklore-cover$ /Images/Album-Covers/ts8.webp [L]
RewriteRule ^evermore-cover$ /Images/Album-Covers/ts9.webp [L]
RewriteRule ^midnights-cover$ /Images/Album-Covers/ts10.webp [L]

# Rewrite Rules For Tour Pages
RewriteRule ^tours/fearless-tour$ /Pages/Tours/Fearless-Tour/tour.html [L]
RewriteRule ^tours/speak-now-tour$ /Pages/Tours/Speak-Now-World-Tour/tour.html [L]
RewriteRule ^tours/red-tour$ /Pages/Tours/Red-Tour/tour.html [L]
RewriteRule ^tours/1989-tour$ /Pages/Tours/1989-World-Tour/tour.html [L]
RewriteRule ^tours/reputation-tour$ /Pages/Tours/Reputation-Stadium-Tour/tour.html [L]
RewriteRule ^tours/eras-tour$ /Pages/Tours/Eras-Tour/tour.html [L]

# Rewrite Rules For Special Pages
RewriteRule ^singles$ /Pages/Album-Pages/singles.html [L]
RewriteRule ^unreleased$ /Pages/Album-Pages/unreleased.html [L]
RewriteRule ^bridges$ /Pages/Album-Pages/bridges.html [L]
RewriteRule ^tours$ /Pages/Tours/tours.html [L]
RewriteRule ^what-ticketmaster-did$ /Pages/what-ticketmaster-did.html [L]
RewriteRule ^acronym-searcher$ /Pages/acronym-searcher.html [L]
RewriteRule ^1989-photo-themer$ /Pages/1989-photo-themer.html [L]

# Rewrite Rules For Album Pages
RewriteRule ^taylor-swift$ /Pages/Album-Pages/ts1.html [L]
RewriteRule ^fearless$ /Pages/Album-Pages/ts2.html [L]
RewriteRule ^speak-now$ /Pages/Album-Pages/ts3.html [L]
RewriteRule ^red$ /Pages/Album-Pages/ts4.html [L]
RewriteRule ^1989$ /Pages/Album-Pages/ts5.html [L]
RewriteRule ^reputation$ /Pages/Album-Pages/ts6.html [L]
RewriteRule ^lover$ /Pages/Album-Pages/ts7.html [L]
RewriteRule ^folklore$ /Pages/Album-Pages/ts8.html [L]
RewriteRule ^evermore$ /Pages/Album-Pages/ts9.html [L]
RewriteRule ^midnights$ /Pages/Album-Pages/ts10.html [L]

# Rewrite Rules For Taylor Swift (Debut)
RewriteRule ^taylor-swift/tim-mcgraw$ /Pages/Song-Pages/Taylor-Swift/1-tim-mcgraw.html [L]
RewriteRule ^taylor-swift/picture-to-burn$ /Pages/Song-Pages/Taylor-Swift/2-picture-to-burn.html [L]
RewriteRule ^taylor-swift/teardrops-on-my-guitar$ /Pages/Song-Pages/Taylor-Swift/3-teardrops-on-my-guitar.html [L]
RewriteRule ^taylor-swift/a-place-in-this-world$ /Pages/Song-Pages/Taylor-Swift/4-a-place-in-this-world.html [L]
RewriteRule ^taylor-swift/cold-as-you$ /Pages/Song-Pages/Taylor-Swift/5-cold-as-you.html [L]
RewriteRule ^taylor-swift/the-outside$ /Pages/Song-Pages/Taylor-Swift/6-the-outside.html [L]
RewriteRule ^taylor-swift/tied-together-with-a-smile$ /Pages/Song-Pages/Taylor-Swift/7-tied-together-with-a-smile.html [L]
RewriteRule ^taylor-swift/stay-beautiful$ /Pages/Song-Pages/Taylor-Swift/8-stay-beautiful.html [L]
RewriteRule ^taylor-swift/shouldve-said-no$ /Pages/Song-Pages/Taylor-Swift/9-shouldve-said-no.html [L]
RewriteRule ^taylor-swift/marys-song$ /Pages/Song-Pages/Taylor-Swift/10-marys-song.html [L]
RewriteRule ^taylor-swift/our-song$ /Pages/Song-Pages/Taylor-Swift/11-our-song.html [L]
RewriteRule ^taylor-swift/im-only-me-when-im-with-you$ /Pages/Song-Pages/Taylor-Swift/12-im-only-me-when-im-with-you.html [L]
RewriteRule ^taylor-swift/invisible$ /Pages/Song-Pages/Taylor-Swift/13-invisible.html [L]
RewriteRule ^taylor-swift/a-perfectly-good-heart$ /Pages/Song-Pages/Taylor-Swift/14-a-perfectly-good-heart.html [L]
RewriteRule ^taylor-swift/teardrops-on-my-guitar-pop-version$ /Pages/Song-Pages/Taylor-Swift/15-teardrops-on-my-guitar-pop-version.html [L]

# Rewrite Rules For Fearless
RewriteRule ^fearless/fearless$ /Pages/Song-Pages/Fearless/1-fearless.html [L]
RewriteRule ^fearless/fifteen$ /Pages/Song-Pages/Fearless/2-fifteen.html [L]
RewriteRule ^fearless/love-story$ /Pages/Song-Pages/Fearless/3-love-story.html [L]
RewriteRule ^fearless/hey-stephen$ /Pages/Song-Pages/Fearless/4-hey-stephen.html [L]
RewriteRule ^fearless/white-horse$ /Pages/Song-Pages/Fearless/5-white-horse.html [L]
RewriteRule ^fearless/you-belong-with-me$ /Pages/Song-Pages/Fearless/6-you-belong-with-me.html [L]
RewriteRule ^fearless/breathe$ /Pages/Song-Pages/Fearless/7-breathe.html [L]
RewriteRule ^fearless/tell-me-why$ /Pages/Song-Pages/Fearless/8-tell-me-why.html [L]
RewriteRule ^fearless/youre-not-sorry$ /Pages/Song-Pages/Fearless/9-youre-not-sorry.html [L]
RewriteRule ^fearless/the-way-i-loved-you$ /Pages/Song-Pages/Fearless/10-the-way-i-loved-you.html [L]
RewriteRule ^fearless/forever-and-always$ /Pages/Song-Pages/Fearless/11-forever-and-always.html [L]
RewriteRule ^fearless/the-best-day$ /Pages/Song-Pages/Fearless/12-the-best-day.html [L]
RewriteRule ^fearless/change$ /Pages/Song-Pages/Fearless/13-change.html [L]
RewriteRule ^fearless/jump-then-fall$ /Pages/Song-Pages/Fearless/14-jump-then-fall.html [L]
RewriteRule ^fearless/untouchable$ /Pages/Song-Pages/Fearless/15-untouchable.html [L]
RewriteRule ^fearless/forever-and-always-piano-version$ /Pages/Song-Pages/Fearless/16-forever-and-always-piano-version.html [L]
RewriteRule ^fearless/come-in-with-the-rain$ /Pages/Song-Pages/Fearless/17-come-in-with-the-rain.html [L]
RewriteRule ^fearless/superstar$ /Pages/Song-Pages/Fearless/18-superstar.html [L]
RewriteRule ^fearless/the-other-side-of-the-door$ /Pages/Song-Pages/Fearless/19-the-other-side-of-the-door.html [L]
RewriteRule ^fearless/today-was-a-fairytale$ /Pages/Song-Pages/Fearless/20-today-was-a-fairytale.html [L]
RewriteRule ^fearless/you-all-over-me$ /Pages/Song-Pages/Fearless/21-you-all-over-me.html [L]
RewriteRule ^fearless/mr-perfectly-fine$ /Pages/Song-Pages/Fearless/22-mr-perfectly-fine.html [L]
RewriteRule ^fearless/we-were-happy$ /Pages/Song-Pages/Fearless/23-we-were-happy.html [L]
RewriteRule ^fearless/thats-when$ /Pages/Song-Pages/Fearless/24-thats-when.html [L]
RewriteRule ^fearless/dont-you$ /Pages/Song-Pages/Fearless/25-dont-you.html [L]
RewriteRule ^fearless/bye-bye-baby$ /Pages/Song-Pages/Fearless/26-bye-bye-baby.html [L]
RewriteRule ^fearless/if-this-was-a-movie$ /Pages/Song-Pages/Fearless/27-if-this-was-a-movie.html [L]

# Rewrite Rules For Speak Now
RewriteRule ^speak-now/mine$ /Pages/Song-Pages/Speak-Now/1-mine.html [L]
RewriteRule ^speak-now/sparks-fly$ /Pages/Song-Pages/Speak-Now/2-sparks-fly.html [L]
RewriteRule ^speak-now/back-to-december$ /Pages/Song-Pages/Speak-Now/3-back-to-december.html [L]
RewriteRule ^speak-now/speak-now$ /Pages/Song-Pages/Speak-Now/4-speak-now.html [L]
RewriteRule ^speak-now/dear-john$ /Pages/Song-Pages/Speak-Now/5-dear-john.html [L]
RewriteRule ^speak-now/mean$ /Pages/Song-Pages/Speak-Now/6-mean.html [L]
RewriteRule ^speak-now/the-story-of-us$ /Pages/Song-Pages/Speak-Now/7-the-story-of-us.html [L]
RewriteRule ^speak-now/never-grow-up$ /Pages/Song-Pages/Speak-Now/8-never-grow-up.html [L]
RewriteRule ^speak-now/enchanted$ /Pages/Song-Pages/Speak-Now/9-enchanted.html [L]
RewriteRule ^speak-now/better-than-revenge$ /Pages/Song-Pages/Speak-Now/10-better-than-revenge.html [L]
RewriteRule ^speak-now/innocent$ /Pages/Song-Pages/Speak-Now/11-innocent.html [L]
RewriteRule ^speak-now/haunted$ /Pages/Song-Pages/Speak-Now/12-haunted.html [L]
RewriteRule ^speak-now/last-kiss$ /Pages/Song-Pages/Speak-Now/13-last-kiss.html [L]
RewriteRule ^speak-now/long-live$ /Pages/Song-Pages/Speak-Now/14-long-live.html [L]
RewriteRule ^speak-now/ours$ /Pages/Song-Pages/Speak-Now/15-ours.html [L]
RewriteRule ^speak-now/superman$ /Pages/Song-Pages/Speak-Now/16-superman.html [L]
RewriteRule ^speak-now/electric-touch$ /Pages/Song-Pages/Speak-Now/17-electric-touch.html [L]
RewriteRule ^speak-now/when-emma-falls-in-love$ /Pages/Song-Pages/Speak-Now/18-when-emma-falls-in-love.html [L]
RewriteRule ^speak-now/i-can-see-you$ /Pages/Song-Pages/Speak-Now/19-i-can-see-you.html [L]
RewriteRule ^speak-now/castles-crumbling$ /Pages/Song-Pages/Speak-Now/20-castles-crumbling.html [L]
RewriteRule ^speak-now/foolish-one$ /Pages/Song-Pages/Speak-Now/21-foolish-one.html [L]
RewriteRule ^speak-now/timeless$ /Pages/Song-Pages/Speak-Now/22-timeless.html [L]

# Rewrite Rules For Red
RewriteRule ^red/state-of-grace$ /Pages/Song-Pages/Red/1-state-of-grace.html [L]
RewriteRule ^red/red$ /Pages/Song-Pages/Red/2-red.html [L]
RewriteRule ^red/treacherous$ /Pages/Song-Pages/Red/3-treacherous.html [L]
RewriteRule ^red/i-knew-you-were-trouble$ /Pages/Song-Pages/Red/4-i-knew-you-were-trouble.html [L]
RewriteRule ^red/all-too-well$ /Pages/Song-Pages/Red/5-all-too-well.html [L]
RewriteRule ^red/22$ /Pages/Song-Pages/Red/6-22.html [L]
RewriteRule ^red/i-almost-do$ /Pages/Song-Pages/Red/7-i-almost-do.html [L]
RewriteRule ^red/we-are-never-ever-getting-back-together$ /Pages/Song-Pages/Red/8-we-are-never-ever-getting-back-together.html [L]
RewriteRule ^red/stay-stay-stay$ /Pages/Song-Pages/Red/9-stay-stay-stay.html [L]
RewriteRule ^red/the-last-time$ /Pages/Song-Pages/Red/10-the-last-time.html [L]
RewriteRule ^red/holy-ground$ /Pages/Song-Pages/Red/11-holy-ground.html [L]
RewriteRule ^red/sad-beautiful-tragic$ /Pages/Song-Pages/Red/12-sad-beautiful-tragic.html [L]
RewriteRule ^red/the-lucky-one$ /Pages/Song-Pages/Red/13-the-lucky-one.html [L]
RewriteRule ^red/everything-has-changed$ /Pages/Song-Pages/Red/14-everything-has-changed.html [L]
RewriteRule ^red/starlight$ /Pages/Song-Pages/Red/15-starlight.html [L]
RewriteRule ^red/begin-again$ /Pages/Song-Pages/Red/16-begin-again.html [L]
RewriteRule ^red/the-moment-i-knew$ /Pages/Song-Pages/Red/17-the-moment-i-knew.html [L]
RewriteRule ^red/come-back-be-here$ /Pages/Song-Pages/Red/18-come-back-be-here.html [L]
RewriteRule ^red/girl-at-home$ /Pages/Song-Pages/Red/19-girl-at-home.html [L]
RewriteRule ^red/state-of-grace-acoustic-version$ /Pages/Song-Pages/Red/20-state-of-grace-acoustic-version.html [L]
RewriteRule ^red/ronan$ /Pages/Song-Pages/Red/21-ronan.html [L]
RewriteRule ^red/better-man$ /Pages/Song-Pages/Red/22-better-man.html [L]
RewriteRule ^red/nothing-new$ /Pages/Song-Pages/Red/23-nothing-new.html [L]
RewriteRule ^red/babe$ /Pages/Song-Pages/Red/24-babe.html [L]
RewriteRule ^red/i-bet-you-think-about-me$ /Pages/Song-Pages/Red/26-i-bet-you-think-about-me.html [L]
RewriteRule ^red/message-in-a-bottle$ /Pages/Song-Pages/Red/25-message-in-a-bottle.html [L]
RewriteRule ^red/forever-winter$ /Pages/Song-Pages/Red/27-forever-winter.html [L]
RewriteRule ^red/run$ /Pages/Song-Pages/Red/28-run.html [L]
RewriteRule ^red/the-very-first-night$ /Pages/Song-Pages/Red/29-the-very-first-night.html [L]
RewriteRule ^red/all-too-well-10-minute-version$ /Pages/Song-Pages/Red/30-all-too-well-10-minute-version.html [L]
RewriteRule ^red/safe-and-sound$ /Pages/Song-Pages/Red/31-safe-and-sound.html [L]
RewriteRule ^red/eyes-open$ /Pages/Song-Pages/Red/32-eyes-open.html [L]

# Rewrite Rules For 1989
RewriteRule ^1989/welcome-to-new-york$ /Pages/Song-Pages/1989/1-welcome-to-new-york.html [L]
RewriteRule ^1989/blank-space$ /Pages/Song-Pages/1989/2-blank-space.html [L]
RewriteRule ^1989/style$ /Pages/Song-Pages/1989/3-style.html [L]
RewriteRule ^1989/out-of-the-woods$ /Pages/Song-Pages/1989/4-out-of-the-woods.html [L]
RewriteRule ^1989/all-you-had-to-do-was-stay$ /Pages/Song-Pages/1989/5-all-you-had-to-do-was-stay.html [L]
RewriteRule ^1989/shake-it-off$ /Pages/Song-Pages/1989/6-shake-it-off.html [L]
RewriteRule ^1989/i-wish-you-would$ /Pages/Song-Pages/1989/7-i-wish-you-would.html [L]
RewriteRule ^1989/bad-blood$ /Pages/Song-Pages/1989/8-bad-blood.html [L]
RewriteRule ^1989/wildest-dreams$ /Pages/Song-Pages/1989/9-wildest-dreams.html [L]
RewriteRule ^1989/how-you-get-the-girl$ /Pages/Song-Pages/1989/10-how-you-get-the-girl.html [L]
RewriteRule ^1989/this-love$ /Pages/Song-Pages/1989/11-this-love.html [L]
RewriteRule ^1989/i-know-places$ /Pages/Song-Pages/1989/12-i-know-places.html [L]
RewriteRule ^1989/clean$ /Pages/Song-Pages/1989/13-clean.html [L]
RewriteRule ^1989/wonderland$ /Pages/Song-Pages/1989/14-wonderland.html [L]
RewriteRule ^1989/you-are-in-love$ /Pages/Song-Pages/1989/15-you-are-in-love.html [L]
RewriteRule ^1989/new-romantics$ /Pages/Song-Pages/1989/16-new-romantics.html [L]
RewriteRule ^1989/slut$ /Pages/Song-Pages/1989/17-slut.html [L]
RewriteRule ^1989/say-dont-go$ /Pages/Song-Pages/1989/18-say-dont-go.html [L]
RewriteRule ^1989/now-that-we-dont-talk$ /Pages/Song-Pages/1989/19-now-that-we-dont-talk.html [L]
RewriteRule ^1989/suburban-legends$ /Pages/Song-Pages/1989/20-suburban-legends.html [L]
RewriteRule ^1989/is-it-over-now$ /Pages/Song-Pages/1989/21-is-it-over-now.html [L]
RewriteRule ^1989/bad-blood-remix$ /Pages/Song-Pages/1989/22-bad-blood-remix.html [L]

# Rewrite Rules For reputation
RewriteRule ^reputation/ready-for-it$ /Pages/Song-Pages/reputation/1-ready-for-it.html [L]
RewriteRule ^reputation/end-game$ /Pages/Song-Pages/reputation/2-end-game.html [L]
RewriteRule ^reputation/i-did-something-bad$ /Pages/Song-Pages/reputation/3-i-did-something-bad.html [L]
RewriteRule ^reputation/dont-blame-me$ /Pages/Song-Pages/reputation/4-dont-blame-me.html [L]
RewriteRule ^reputation/delicate$ /Pages/Song-Pages/reputation/5-delicate.html [L]
RewriteRule ^reputation/look-what-you-made-me-do$ /Pages/Song-Pages/reputation/6-look-what-you-made-me-do.html [L]
RewriteRule ^reputation/so-it-goes$ /Pages/Song-Pages/reputation/7-so-it-goes.html [L]
RewriteRule ^reputation/gorgeous$ /Pages/Song-Pages/reputation/8-gorgeous.html [L]
RewriteRule ^reputation/getaway-car$ /Pages/Song-Pages/reputation/9-getaway-car.html [L]
RewriteRule ^reputation/king-of-my-heart$ /Pages/Song-Pages/reputation/10-king-of-my-heart.html [L]
RewriteRule ^reputation/dancing-with-our-hands-tied$ /Pages/Song-Pages/reputation/11-dancing-with-our-hands-tied.html [L]
RewriteRule ^reputation/dress$ /Pages/Song-Pages/reputation/12-dress.html [L]
RewriteRule ^reputation/this-is-why-we-cant-have-nice-things$ /Pages/Song-Pages/reputation/13-this-is-why-we-cant-have-nice-things.html [L]
RewriteRule ^reputation/call-it-what-you-want$ /Pages/Song-Pages/reputation/14-call-it-what-you-want.html [L]
RewriteRule ^reputation/new-years-day$ /Pages/Song-Pages/reputation/15-new-years-day.html [L]

# Rewrite Rules For Lover
RewriteRule ^lover/i-forgot-that-you-existed$ /Pages/Song-Pages/Lover/1-i-forgot-that-you-existed.html [L]
RewriteRule ^lover/cruel-summer$ /Pages/Song-Pages/Lover/2-cruel-summer.html [L]
RewriteRule ^lover/lover$ /Pages/Song-Pages/Lover/3-lover.html [L]
RewriteRule ^lover/the-man$ /Pages/Song-Pages/Lover/4-the-man.html [L]
RewriteRule ^lover/the-archer$ /Pages/Song-Pages/Lover/5-the-archer.html [L]
RewriteRule ^lover/i-think-he-knows$ /Pages/Song-Pages/Lover/6-i-think-he-knows.html [L]
RewriteRule ^lover/miss-americana-and-the-heartbreak-prince$ /Pages/Song-Pages/Lover/7-miss-americana-and-the-heartbreak-prince.html [L]
RewriteRule ^lover/paper-rings$ /Pages/Song-Pages/Lover/8-paper-rings.html [L]
RewriteRule ^lover/cornelia-street$ /Pages/Song-Pages/Lover/9-cornelia-street.html [L]
RewriteRule ^lover/death-by-a-thousand-cuts$ /Pages/Song-Pages/Lover/10-death-by-a-thousand-cuts.html [L]
RewriteRule ^lover/london-boy$ /Pages/Song-Pages/Lover/11-london-boy.html [L]
RewriteRule ^lover/soon-youll-get-better$ /Pages/Song-Pages/Lover/12-soon-youll-get-better.html [L]
RewriteRule ^lover/false-god$ /Pages/Song-Pages/Lover/13-false-god.html [L]
RewriteRule ^lover/you-need-to-calm-down$ /Pages/Song-Pages/Lover/14-you-need-to-calm-down.html [L]
RewriteRule ^lover/afterglow$ /Pages/Song-Pages/Lover/15-afterglow.html [L]
RewriteRule ^lover/me$ /Pages/Song-Pages/Lover/16-me.html [L]
RewriteRule ^lover/its-nice-to-have-a-friend$ /Pages/Song-Pages/Lover/17-its-nice-to-have-a-friend.html [L]
RewriteRule ^lover/daylight$ /Pages/Song-Pages/Lover/18-daylight.html [L]
RewriteRule ^lover/all-of-the-girls-you-loved-before$ /Pages/Song-Pages/Lover/19-all-of-the-girls-you-loved-before.html [L]

# Rewrite Rules For folklore
RewriteRule ^folklore/the-1$ /Pages/Song-Pages/folklore/1-the-1.html [L]
RewriteRule ^folklore/cardigan$ /Pages/Song-Pages/folklore/2-cardigan.html [L]
RewriteRule ^folklore/the-last-great-american-dynasty$ /Pages/Song-Pages/folklore/3-the-last-great-american-dynasty.html [L]
RewriteRule ^folklore/exile$ /Pages/Song-Pages/folklore/4-exile.html [L]
RewriteRule ^folklore/my-tears-ricochet$ /Pages/Song-Pages/folklore/5-my-tears-ricochet.html [L]
RewriteRule ^folklore/mirrorball$ /Pages/Song-Pages/folklore/6-mirrorball.html [L]
RewriteRule ^folklore/seven$ /Pages/Song-Pages/folklore/7-seven.html [L]
RewriteRule ^folklore/august$ /Pages/Song-Pages/folklore/8-august.html [L]
RewriteRule ^folklore/this-is-me-trying$ /Pages/Song-Pages/folklore/9-this-is-me-trying.html [L]
RewriteRule ^folklore/illicit-affairs$ /Pages/Song-Pages/folklore/10-illicit-affairs.html [L]
RewriteRule ^folklore/invisible-string$ /Pages/Song-Pages/folklore/11-invisible-string.html [L]
RewriteRule ^folklore/mad-woman$ /Pages/Song-Pages/folklore/12-mad-woman.html [L]
RewriteRule ^folklore/epiphany$ /Pages/Song-Pages/folklore/13-epiphany.html [L]
RewriteRule ^folklore/betty$ /Pages/Song-Pages/folklore/14-betty.html [L]
RewriteRule ^folklore/peace$ /Pages/Song-Pages/folklore/15-peace.html [L]
RewriteRule ^folklore/hoax$ /Pages/Song-Pages/folklore/16-hoax.html [L]
RewriteRule ^folklore/the-lakes$ /Pages/Song-Pages/folklore/17-the-lakes.html [L]

# Rewrite Rules For evermore
RewriteRule ^evermore/willow$ /Pages/Song-Pages/evermore/1-willow.html [L]
RewriteRule ^evermore/champagne-problems$ /Pages/Song-Pages/evermore/2-champagne-problems.html [L]
RewriteRule ^evermore/gold-rush$ /Pages/Song-Pages/evermore/3-gold-rush.html [L]
RewriteRule ^evermore/tis-the-damn-season$ /Pages/Song-Pages/evermore/4-tis-the-damn-season.html [L]
RewriteRule ^evermore/tolerate-it$ /Pages/Song-Pages/evermore/5-tolerate-it.html [L]
RewriteRule ^evermore/no-body-no-crime$ /Pages/Song-Pages/evermore/6-no-body-no-crime.html [L]
RewriteRule ^evermore/happiness$ /Pages/Song-Pages/evermore/7-happiness.html [L]
RewriteRule ^evermore/dorothea$ /Pages/Song-Pages/evermore/8-dorothea.html [L]
RewriteRule ^evermore/coney-island$ /Pages/Song-Pages/evermore/9-coney-island.html [L]
RewriteRule ^evermore/ivy$ /Pages/Song-Pages/evermore/10-ivy.html [L]
RewriteRule ^evermore/cowboy-like-me$ /Pages/Song-Pages/evermore/11-cowboy-like-me.html [L]
RewriteRule ^evermore/long-story-short$ /Pages/Song-Pages/evermore/12-long-story-short.html [L]
RewriteRule ^evermore/marjorie$ /Pages/Song-Pages/evermore/13-marjorie.html [L]
RewriteRule ^evermore/closure$ /Pages/Song-Pages/evermore/14-closure.html [L]
RewriteRule ^evermore/evermore$ /Pages/Song-Pages/evermore/15-evermore.html [L]
RewriteRule ^evermore/right-where-you-left-me$ /Pages/Song-Pages/evermore/16-right-where-you-left-me.html [L]
RewriteRule ^evermore/its-time-to-go$ /Pages/Song-Pages/evermore/17-its-time-to-go.html [L]

# Rewrite Rules For Midnights
RewriteRule ^midnights/lavender-haze$ /Pages/Song-Pages/Midnights/1-lavender-haze.html [L]
RewriteRule ^midnights/maroon$ /Pages/Song-Pages/Midnights/2-maroon.html [L]
RewriteRule ^midnights/anti-hero$ /Pages/Song-Pages/Midnights/3-anti-hero.html [L]
RewriteRule ^midnights/snow-on-the-beach$ /Pages/Song-Pages/Midnights/4-snow-on-the-beach.html [L]
RewriteRule ^midnights/youre-on-your-own-kid$ /Pages/Song-Pages/Midnights/5-youre-on-your-own-kid.html [L]
RewriteRule ^midnights/midnight-rain$ /Pages/Song-Pages/Midnights/6-midnight-rain.html [L]
RewriteRule ^midnights/question$ /Pages/Song-Pages/Midnights/7-question.html [L]
RewriteRule ^midnights/vigilante-shit$ /Pages/Song-Pages/Midnights/8-vigilante-shit.html [L]
RewriteRule ^midnights/bejeweled$ /Pages/Song-Pages/Midnights/9-bejeweled.html [L]
RewriteRule ^midnights/labyrinth$ /Pages/Song-Pages/Midnights/10-labyrinth.html [L]
RewriteRule ^midnights/karma$ /Pages/Song-Pages/Midnights/11-karma.html [L]
RewriteRule ^midnights/sweet-nothing$ /Pages/Song-Pages/Midnights/12-sweet-nothing.html [L]
RewriteRule ^midnights/mastermind$ /Pages/Song-Pages/Midnights/13-mastermind.html [L]
RewriteRule ^midnights/the-great-war$ /Pages/Song-Pages/Midnights/14-the-great-war.html [L]
RewriteRule ^midnights/bigger-than-the-whole-sky$ /Pages/Song-Pages/Midnights/15-bigger-than-the-whole-sky.html [L]
RewriteRule ^midnights/paris$ /Pages/Song-Pages/Midnights/16-paris.html [L]
RewriteRule ^midnights/high-infidelity$ /Pages/Song-Pages/Midnights/17-high-infidelity.html [L]
RewriteRule ^midnights/glitch$ /Pages/Song-Pages/Midnights/18-glitch.html [L]
RewriteRule ^midnights/wouldve-couldve-shouldve$ /Pages/Song-Pages/Midnights/19-wouldve-couldve-shouldve.html [L]
RewriteRule ^midnights/dear-reader$ /Pages/Song-Pages/Midnights/20-dear-reader.html [L]
RewriteRule ^midnights/hits-different$ /Pages/Song-Pages/Midnights/21-hits-different.html [L]
RewriteRule ^midnights/snow-on-the-beach-more-lana$ /Pages/Song-Pages/Midnights/22-snow-on-the-beach-more-lana.html [L]
RewriteRule ^midnights/karma-remix$ /Pages/Song-Pages/Midnights/23-karma-remix.html [L]
RewriteRule ^midnights/youre-losing-me$ /Pages/Song-Pages/Midnights/24-youre-losing-me.html [L]

# Rewrite Rules For Singles
RewriteRule ^singles/beautiful-ghosts$ /Pages/Song-Pages/Singles/beautiful-ghosts.html [L]
RewriteRule ^singles/carolina$ /Pages/Song-Pages/Singles/carolina.html [L]
RewriteRule ^singles/christmas-tree-farm$ /Pages/Song-Pages/Singles/christmas-tree-farm.html [L]
RewriteRule ^singles/only-the-young$ /Pages/Song-Pages/Singles/only-the-young.html [L]
RewriteRule ^singles/sweeter-than-fiction$ /Pages/Song-Pages/Singles/sweeter-than-fiction.html [L]
RewriteRule ^singles/babe-sugarland-version$ /Pages/Song-Pages/Singles-Collabs/babe-sugarland-version.html [L]
RewriteRule ^singles/birch$ /Pages/Song-Pages/Singles-Collabs/birch.html [L]
RewriteRule ^singles/both-of-us$ /Pages/Song-Pages/Singles-Collabs/both-of-us.html [L]
RewriteRule ^singles/gasoline$ /Pages/Song-Pages/Singles-Collabs/gasoline.html [L]
RewriteRule ^singles/highway-dont-care$ /Pages/Song-Pages/Singles-Collabs/highway-dont-care.html [L]
RewriteRule ^singles/i-dont-wanna-live-forever$ /Pages/Song-Pages/Singles-Collabs/i-dont-wanna-live-forever.html [L]
RewriteRule ^singles/renegade$ /Pages/Song-Pages/Singles-Collabs/renegade.html [L]
RewriteRule ^singles/the-alcott$ /Pages/Song-Pages/Singles-Collabs/the-alcott.html [L]
RewriteRule ^singles/the-joker-and-the-queen$ /Pages/Song-Pages/Singles-Collabs/the-joker-and-the-queen.html [L]
RewriteRule ^singles/two-is-better-than-one$ /Pages/Song-Pages/Singles-Collabs/two-is-better-than-one.html [L]

# Rewrite Rules For Unreleased Songs
RewriteRule ^unreleased/4-u$ /Pages/Song-Pages/Unreleased-Songs/4-u.html [L]
RewriteRule ^unreleased/10-dollars-and-a-6-pack$ /Pages/Song-Pages/Unreleased-Songs/10-dollars-and-a-6-pack.html [L]
RewriteRule ^unreleased/all-night-diner$ /Pages/Song-Pages/Unreleased-Songs/all-night-diner.html [L]
RewriteRule ^unreleased/am-i-ready-for-love$ /Pages/Song-Pages/Unreleased-Songs/am-i-ready-for-love.html [L]
RewriteRule ^unreleased/american-boy$ /Pages/Song-Pages/Unreleased-Songs/american-boy.html [L]
RewriteRule ^unreleased/angelina$ /Pages/Song-Pages/Unreleased-Songs/angelina.html [L]
RewriteRule ^unreleased/being-with-my-baby$ /Pages/Song-Pages/Unreleased-Songs/being-with-my-baby.html [L]
RewriteRule ^unreleased/better-off$ /Pages/Song-Pages/Unreleased-Songs/better-off.html [L]
RewriteRule ^unreleased/brand-new-world$ /Pages/Song-Pages/Unreleased-Songs/brand-new-world.html [L]
RewriteRule ^unreleased/brought-up-that-way$ /Pages/Song-Pages/Unreleased-Songs/brought-up-that-way.html [L]
RewriteRule ^unreleased/by-the-way$ /Pages/Song-Pages/Unreleased-Songs/by-the-way.html [L]
RewriteRule ^unreleased/can-i-go-with-you$ /Pages/Song-Pages/Unreleased-Songs/can-i-go-with-you.html [L]
RewriteRule ^unreleased/check-out-this-view$ /Pages/Song-Pages/Unreleased-Songs/check-out-this-view.html [L]
RewriteRule ^unreleased/closest-to-a-cowboy$ /Pages/Song-Pages/Unreleased-Songs/closest-to-a-cowboy.html [L]
RewriteRule ^unreleased/cross-my-heart$ /Pages/Song-Pages/Unreleased-Songs/cross-my-heart.html [L]
RewriteRule ^unreleased/dark-blue-tennessee$ /Pages/Song-Pages/Unreleased-Songs/dark-blue-tennessee.html [L]
RewriteRule ^unreleased/dark-blue-tennessee-piano-version$ /Pages/Song-Pages/Unreleased-Songs/dark-blue-tennessee-piano-version.html [L]
RewriteRule ^unreleased/didnt-they$ /Pages/Song-Pages/Unreleased-Songs/didnt-they.html [L]
RewriteRule ^unreleased/dont-hate-me-for-loving-you$ /Pages/Song-Pages/Unreleased-Songs/dont-hate-me-for-loving-you.html [L]
RewriteRule ^unreleased/drama-queen$ /Pages/Song-Pages/Unreleased-Songs/drama-queen.html [L]
RewriteRule ^unreleased/fall-back-on-you$ /Pages/Song-Pages/Unreleased-Songs/fall-back-on-you.html [L]
RewriteRule ^unreleased/firefly$ /Pages/Song-Pages/Unreleased-Songs/firefly.html [L]
RewriteRule ^unreleased/gracie$ /Pages/Song-Pages/Unreleased-Songs/gracie.html [L]
RewriteRule ^unreleased/her$ /Pages/Song-Pages/Unreleased-Songs/her.html [L]
RewriteRule ^unreleased/honey-baby$ /Pages/Song-Pages/Unreleased-Songs/honey-baby.html [L]
RewriteRule ^unreleased/i-heart-question-mark$ /Pages/Song-Pages/Unreleased-Songs/i-heart-question-mark.html [L]
RewriteRule ^unreleased/i-know-what-i-want$ /Pages/Song-Pages/Unreleased-Songs/i-know-what-i-want.html [L]
RewriteRule ^unreleased/i-used-to-fly$ /Pages/Song-Pages/Unreleased-Songs/i-used-to-fly.html [L]
RewriteRule ^unreleased/i-wished-on-a-plane$ /Pages/Song-Pages/Unreleased-Songs/i-wished-on-a-plane.html [L]
RewriteRule ^unreleased/id-lie$ /Pages/Song-Pages/Unreleased-Songs/id-lie.html [L]
RewriteRule ^unreleased/in-the-pouring-rain$ /Pages/Song-Pages/Unreleased-Songs/in-the-pouring-rain.html [L]
RewriteRule ^unreleased/just-south-of-knowing-why$ /Pages/Song-Pages/Unreleased-Songs/just-south-of-knowing-why.html [L]
RewriteRule ^unreleased/lets-go-battle$ /Pages/Song-Pages/Unreleased-Songs/lets-go-battle.html [L]
RewriteRule ^unreleased/live-for-the-little-things$ /Pages/Song-Pages/Unreleased-Songs/live-for-the-little-things.html [L]
RewriteRule ^unreleased/long-time-coming$ /Pages/Song-Pages/Unreleased-Songs/long-time-coming.html [L]
RewriteRule ^unreleased/look-at-you-like-that$ /Pages/Song-Pages/Unreleased-Songs/look-at-you-like-that.html [L]
RewriteRule ^unreleased/love-they-havent-thought-of-yet$ /Pages/Song-Pages/Unreleased-Songs/love-they-havent-thought-of-yet.html [L]
RewriteRule ^unreleased/love-to-lose$ /Pages/Song-Pages/Unreleased-Songs/love-to-lose.html [L]
RewriteRule ^unreleased/lucky-you$ /Pages/Song-Pages/Unreleased-Songs/lucky-you.html [L]
RewriteRule ^unreleased/made-up-you$ /Pages/Song-Pages/Unreleased-Songs/made-up-you.html [L]
RewriteRule ^unreleased/making-up-for-lost-love$ /Pages/Song-Pages/Unreleased-Songs/making-up-for-lost-love.html [L]
RewriteRule ^unreleased/mandolin$ /Pages/Song-Pages/Unreleased-Songs/mandolin.html [L]
RewriteRule ^unreleased/matches$ /Pages/Song-Pages/Unreleased-Songs/matches.html [L]
RewriteRule ^unreleased/me-and-britney$ /Pages/Song-Pages/Unreleased-Songs/me-and-britney.html [L]
RewriteRule ^unreleased/my-cure$ /Pages/Song-Pages/Unreleased-Songs/my-cure.html [L]
RewriteRule ^unreleased/my-cure-acoustic-version$ /Pages/Song-Pages/Unreleased-Songs/my-cure-acoustic-version.html [L]
RewriteRule ^unreleased/my-turn-to-be-me$ /Pages/Song-Pages/Unreleased-Songs/my-turn-to-be-me.html [L]
RewriteRule ^unreleased/need$ /Pages/Song-Pages/Unreleased-Songs/need.html [L]
RewriteRule ^unreleased/need-you-now$ /Pages/Song-Pages/Unreleased-Songs/need-you-now.html [L]
RewriteRule ^unreleased/never-fade$ /Pages/Song-Pages/Unreleased-Songs/never-fade.html [L]
RewriteRule ^unreleased/never-mind$ /Pages/Song-Pages/Unreleased-Songs/never-mind.html [L]
RewriteRule ^unreleased/never-mind-country-version$ /Pages/Song-Pages/Unreleased-Songs/never-mind-country-version.html [L]
RewriteRule ^unreleased/our-last-night$ /Pages/Song-Pages/Unreleased-Songs/our-last-night.html [L]
RewriteRule ^unreleased/perfect-have-i-loved$ /Pages/Song-Pages/Unreleased-Songs/perfect-have-i-loved.html [L]
RewriteRule ^unreleased/permanent-marker$ /Pages/Song-Pages/Unreleased-Songs/permanent-marker.html [L]
RewriteRule ^unreleased/point-of-view$ /Pages/Song-Pages/Unreleased-Songs/point-of-view.html [L]
RewriteRule ^unreleased/r-e-v-e-n-g-e$ /Pages/Song-Pages/Unreleased-Songs/r-e-v-e-n-g-e.html [L]
RewriteRule ^unreleased/rain-song$ /Pages/Song-Pages/Unreleased-Songs/rain-song.html [L]
RewriteRule ^unreleased/same-girl$ /Pages/Song-Pages/Unreleased-Songs/same-girl.html [L]
RewriteRule ^unreleased/smokey-black-nights$ /Pages/Song-Pages/Unreleased-Songs/smokey-black-nights.html [L]
RewriteRule ^unreleased/spinning-around$ /Pages/Song-Pages/Unreleased-Songs/spinning-around.html [L]
RewriteRule ^unreleased/stupid-boy$ /Pages/Song-Pages/Unreleased-Songs/stupid-boy.html [L]
RewriteRule ^unreleased/sugar$ /Pages/Song-Pages/Unreleased-Songs/sugar.html [L]
RewriteRule ^unreleased/sweet-tea-and-gods-graces$ /Pages/Song-Pages/Unreleased-Songs/sweet-tea-and-gods-graces.html [L]
RewriteRule ^unreleased/tell-me$ /Pages/Song-Pages/Unreleased-Songs/tell-me.html [L]
RewriteRule ^unreleased/tennessee$ /Pages/Song-Pages/Unreleased-Songs/tennessee.html [L]
RewriteRule ^unreleased/thats-life$ /Pages/Song-Pages/Unreleased-Songs/thats-life.html [L]
RewriteRule ^unreleased/the-diary-of-me$ /Pages/Song-Pages/Unreleased-Songs/the-diary-of-me.html [L]
RewriteRule ^unreleased/thinking-bout-you$ /Pages/Song-Pages/Unreleased-Songs/thinking-bout-you.html [L]
RewriteRule ^unreleased/thirteen-blocks$ /Pages/Song-Pages/Unreleased-Songs/thirteen-blocks.html [L]
RewriteRule ^unreleased/this-here-guitar$ /Pages/Song-Pages/Unreleased-Songs/this-here-guitar.html [L]
RewriteRule ^unreleased/this-is-really-happening$ /Pages/Song-Pages/Unreleased-Songs/this-is-really-happening.html [L]
RewriteRule ^unreleased/till-brad-pitt-comes-along$ /Pages/Song-Pages/Unreleased-Songs/till-brad-pitt-comes-along.html [L]
RewriteRule ^unreleased/under-my-head$ /Pages/Song-Pages/Unreleased-Songs/under-my-head.html [L]
RewriteRule ^unreleased/wait-for-me$ /Pages/Song-Pages/Unreleased-Songs/wait-for-me.html [L]
RewriteRule ^unreleased/welcome-distraction$ /Pages/Song-Pages/Unreleased-Songs/welcome-distraction.html [L]
RewriteRule ^unreleased/what-do-you-say$ /Pages/Song-Pages/Unreleased-Songs/what-do-you-say.html [L]
RewriteRule ^unreleased/what-to-wear$ /Pages/Song-Pages/Unreleased-Songs/what-to-wear.html [L]
RewriteRule ^unreleased/who-ive-always-been$ /Pages/Song-Pages/Unreleased-Songs/who-ive-always-been.html [L]
RewriteRule ^unreleased/writing-songs-about-you$ /Pages/Song-Pages/Unreleased-Songs/writing-songs-about-you.html [L]
RewriteRule ^unreleased/you-do$ /Pages/Song-Pages/Unreleased-Songs/you-do.html [L]
RewriteRule ^unreleased/your-anything$ /Pages/Song-Pages/Unreleased-Songs/your-anything.html [L]
RewriteRule ^unreleased/your-face$ /Pages/Song-Pages/Unreleased-Songs/your-face.html [L]

# Rewrite Rules For Audio -------------

# Rewrite Rules For Taylor Swift (Debut) Bridges
RewriteRule ^taylor-swift/tim-mcgraw-bridge$ /Audio/Bridges/1-Taylor-Swift/1-tim-mcgraw.mp3 [L]
RewriteRule ^taylor-swift/picture-to-burn-bridge$ /Audio/Bridges/1-Taylor-Swift/2-picture-to-burn.mp3 [L]
RewriteRule ^taylor-swift/teardrops-on-my-guitar-bridge$ /Audio/Bridges/1-Taylor-Swift/3-teardrops-on-my-guitar.mp3 [L]
RewriteRule ^taylor-swift/a-place-in-this-world-bridge$ /Audio/Bridges/1-Taylor-Swift/4-a-place-in-this-world.mp3 [L]
RewriteRule ^taylor-swift/cold-as-you-bridge$ /Audio/Bridges/1-Taylor-Swift/5-cold-as-you.mp3 [L]
RewriteRule ^taylor-swift/stay-beautiful-bridge$ /Audio/Bridges/1-Taylor-Swift/8-stay-beautiful.mp3 [L]
RewriteRule ^taylor-swift/shouldve-said-no-bridge$ /Audio/Bridges/1-Taylor-Swift/9-shouldve-said-no.mp3 [L]
RewriteRule ^taylor-swift/marys-song-bridge$ /Audio/Bridges/1-Taylor-Swift/10-marys-song.mp3 [L]
RewriteRule ^taylor-swift/our-song-bridge$ /Audio/Bridges/1-Taylor-Swift/11-our-song.mp3 [L]
RewriteRule ^taylor-swift/im-only-me-when-im-with-you-bridge$ /Audio/Bridges/1-Taylor-Swift/12-im-only-me-when-im-with-you.mp3 [L]
RewriteRule ^taylor-swift/invisible-bridge$ /Audio/Bridges/1-Taylor-Swift/13-invisible.mp3 [L]
RewriteRule ^taylor-swift/a-perfectly-good-heart-bridge$ /Audio/Bridges/1-Taylor-Swift/14-a-perfectly-good-heart.mp3 [L]
RewriteRule ^taylor-swift/teardrops-on-my-guitar-pop-version-bridge$ /Audio/Bridges/1-Taylor-Swift/15-teardrops-on-my-guitar-pop-version.mp3 [L]

# Rewrite Rules For Fearless Bridges
RewriteRule ^fearless/fearless-bridge$ /Audio/Bridges/2-Fearless/1-fearless.mp3 [L]
RewriteRule ^fearless/fifteen-bridge$ /Audio/Bridges/2-Fearless/2-fifteen.mp3 [L]
RewriteRule ^fearless/love-story-bridge$ /Audio/Bridges/2-Fearless/3-love-story.mp3 [L]
RewriteRule ^fearless/hey-stephen-bridge$ /Audio/Bridges/2-Fearless/4-hey-stephen.mp3 [L]
RewriteRule ^fearless/white-horse-bridge$ /Audio/Bridges/2-Fearless/5-white-horse.mp3 [L]
RewriteRule ^fearless/you-belong-with-me-bridge$ /Audio/Bridges/2-Fearless/6-you-belong-with-me.mp3 [L]
RewriteRule ^fearless/breathe-bridge$ /Audio/Bridges/2-Fearless/7-breathe.mp3 [L]
RewriteRule ^fearless/tell-me-why-bridge$ /Audio/Bridges/2-Fearless/8-tell-me-why.mp3 [L]
RewriteRule ^fearless/youre-not-sorry-bridge$ /Audio/Bridges/2-Fearless/9-youre-not-sorry.mp3 [L]
RewriteRule ^fearless/the-way-i-loved-you-bridge$ /Audio/Bridges/2-Fearless/10-the-way-i-loved-you.mp3 [L]
RewriteRule ^fearless/forever-and-always-bridge$ /Audio/Bridges/2-Fearless/11-forever-and-always.mp3 [L]
RewriteRule ^fearless/the-best-day-bridge$ /Audio/Bridges/2-Fearless/12-the-best-day.mp3 [L]
RewriteRule ^fearless/change-bridge$ /Audio/Bridges/2-Fearless/13-change.mp3 [L]
RewriteRule ^fearless/jump-then-fall-bridge$ /Audio/Bridges/2-Fearless/14-jump-then-fall.mp3 [L]
RewriteRule ^fearless/untouchable-bridge$ /Audio/Bridges/2-Fearless/15-untouchable.mp3 [L]
RewriteRule ^fearless/forever-and-always-piano-version-bridge$ /Audio/Bridges/2-Fearless/16-forever-and-always-piano-version.mp3 [L]
RewriteRule ^fearless/come-in-with-the-rain-bridge$ /Audio/Bridges/2-Fearless/17-come-in-with-the-rain.mp3 [L]
RewriteRule ^fearless/superstar-bridge$ /Audio/Bridges/2-Fearless/18-superstar.mp3 [L]
RewriteRule ^fearless/the-other-side-of-the-door-bridge$ /Audio/Bridges/2-Fearless/19-the-other-side-of-the-door.mp3 [L]
RewriteRule ^fearless/today-was-a-fairytale-bridge$ /Audio/Bridges/2-Fearless/20-today-was-a-fairytale.mp3 [L]
RewriteRule ^fearless/you-all-over-me-bridge$ /Audio/Bridges/2-Fearless/21-you-all-over-me.mp3 [L]
RewriteRule ^fearless/mr-perfectly-fine-bridge$ /Audio/Bridges/2-Fearless/22-mr-perfectly-fine.mp3 [L]
RewriteRule ^fearless/we-were-happy-bridge$ /Audio/Bridges/2-Fearless/23-we-were-happy.mp3 [L]
RewriteRule ^fearless/thats-when-bridge$ /Audio/Bridges/2-Fearless/24-thats-when.mp3 [L]
RewriteRule ^fearless/dont-you-bridge$ /Audio/Bridges/2-Fearless/25-dont-you.mp3 [L]
RewriteRule ^fearless/bye-bye-baby-bridge$ /Audio/Bridges/2-Fearless/26-bye-bye-baby.mp3 [L]
RewriteRule ^fearless/if-this-was-a-movie-bridge$ /Audio/Bridges/2-Fearless/27-if-this-was-a-movie.mp3 [L]

# Rewrite Rules For Speak Now Bridges
RewriteRule ^speak-now/mine-bridge$ /Audio/Bridges/3-Speak-Now/1-mine.mp3 [L]
RewriteRule ^speak-now/sparks-fly-bridge$ /Audio/Bridges/3-Speak-Now/2-sparks-fly.mp3 [L]
RewriteRule ^speak-now/back-to-december-bridge$ /Audio/Bridges/3-Speak-Now/3-back-to-december.mp3 [L]
RewriteRule ^speak-now/speak-now-bridge$ /Audio/Bridges/3-Speak-Now/4-speak-now.mp3 [L]
RewriteRule ^speak-now/dear-john-bridge$ /Audio/Bridges/3-Speak-Now/5-dear-john.mp3 [L]
RewriteRule ^speak-now/mean-bridge$ /Audio/Bridges/3-Speak-Now/6-mean.mp3 [L]
RewriteRule ^speak-now/the-story-of-us-bridge$ /Audio/Bridges/3-Speak-Now/7-the-story-of-us.mp3 [L]
RewriteRule ^speak-now/never-grow-up-bridge$ /Audio/Bridges/3-Speak-Now/8-never-grow-up.mp3 [L]
RewriteRule ^speak-now/enchanted-bridge$ /Audio/Bridges/3-Speak-Now/9-enchanted.mp3 [L]
RewriteRule ^speak-now/better-than-revenge-bridge$ /Audio/Bridges/3-Speak-Now/10-better-than-revenge.mp3 [L]
RewriteRule ^speak-now/innocent-bridge$ /Audio/Bridges/3-Speak-Now/11-innocent.mp3 [L]
RewriteRule ^speak-now/haunted-bridge$ /Audio/Bridges/3-Speak-Now/12-haunted.mp3 [L]
RewriteRule ^speak-now/last-kiss-bridge$ /Audio/Bridges/3-Speak-Now/13-last-kiss.mp3 [L]
RewriteRule ^speak-now/long-live-bridge$ /Audio/Bridges/3-Speak-Now/14-long-live.mp3 [L]
RewriteRule ^speak-now/ours-bridge$ /Audio/Bridges/3-Speak-Now/15-ours.mp3 [L]
RewriteRule ^speak-now/superman-bridge$ /Audio/Bridges/3-Speak-Now/16-superman.mp3 [L]
RewriteRule ^speak-now/electric-touch-bridge$ /Audio/Bridges/3-Speak-Now/17-electric-touch.mp3 [L]
RewriteRule ^speak-now/when-emma-falls-in-love-bridge$ /Audio/Bridges/3-Speak-Now/18-when-emma-falls-in-love.mp3 [L]
RewriteRule ^speak-now/i-can-see-you-bridge$ /Audio/Bridges/3-Speak-Now/19-i-can-see-you.mp3 [L]
RewriteRule ^speak-now/castles-crumbling-bridge$ /Audio/Bridges/3-Speak-Now/20-castles-crumbling.mp3 [L]
RewriteRule ^speak-now/foolish-one-bridge$ /Audio/Bridges/3-Speak-Now/21-foolish-one.mp3 [L]
RewriteRule ^speak-now/timeless-bridge$ /Audio/Bridges/3-Speak-Now/22-timeless.mp3 [L]

# Rewrite Rules For Red Bridges
RewriteRule ^red/state-of-grace-bridge$ /Audio/Bridges/4-Red/1-state-of-grace.mp3 [L]
RewriteRule ^red/red-bridge$ /Audio/Bridges/4-Red/2-red.mp3 [L]
RewriteRule ^red/treacherous-bridge-1$ /Audio/Bridges/4-Red/3-treacherous-bridge-1.mp3 [L]
RewriteRule ^red/treacherous-bridge-2$ /Audio/Bridges/4-Red/3-treacherous-bridge-2.mp3 [L]
RewriteRule ^red/i-knew-you-were-trouble-bridge$ /Audio/Bridges/4-Red/4-i-knew-you-were-trouble.mp3 [L]
RewriteRule ^red/all-too-well-bridge$ /Audio/Bridges/4-Red/5-all-too-well.mp3 [L]
RewriteRule ^red/22-bridge$ /Audio/Bridges/4-Red/6-22.mp3 [L]
RewriteRule ^red/i-almost-do-bridge$ /Audio/Bridges/4-Red/7-i-almost-do.mp3 [L]
RewriteRule ^red/we-are-never-ever-getting-back-together-bridge$ /Audio/Bridges/4-Red/8-we-are-never-ever-getting-back-together.mp3 [L]
RewriteRule ^red/stay-stay-stay-bridge$ /Audio/Bridges/4-Red/9-stay-stay-stay.mp3 [L]
RewriteRule ^red/the-last-time-bridge$ /Audio/Bridges/4-Red/10-the-last-time.mp3 [L]
RewriteRule ^red/holy-ground-bridge$ /Audio/Bridges/4-Red/11-holy-ground.mp3 [L]
RewriteRule ^red/sad-beautiful-tragic-bridge$ /Audio/Bridges/4-Red/12-sad-beautiful-tragic.mp3 [L]
RewriteRule ^red/everything-has-changed-bridge$ /Audio/Bridges/4-Red/14-everything-has-changed.mp3 [L]
RewriteRule ^red/starlight-bridge$ /Audio/Bridges/4-Red/15-starlight.mp3 [L]
RewriteRule ^red/begin-again-bridge$ /Audio/Bridges/4-Red/16-begin-again.mp3 [L]
RewriteRule ^red/the-moment-i-knew-bridge$ /Audio/Bridges/4-Red/17-the-moment-i-knew.mp3 [L]
RewriteRule ^red/come-back-be-here-bridge$ /Audio/Bridges/4-Red/18-come-back-be-here.mp3 [L]
RewriteRule ^red/girl-at-home-bridge$ /Audio/Bridges/4-Red/19-girl-at-home.mp3 [L]
RewriteRule ^red/state-of-grace-acoustic-version-bridge$ /Audio/Bridges/4-Red/20-state-of-grace-acoustic-version.mp3 [L]
RewriteRule ^red/ronan-bridge$ /Audio/Bridges/4-Red/21-ronan.mp3 [L]
RewriteRule ^red/better-man-bridge$ /Audio/Bridges/4-Red/22-better-man.mp3 [L]
RewriteRule ^red/nothing-new-bridge$ /Audio/Bridges/4-Red/23-nothing-new.mp3 [L]
RewriteRule ^red/babe-bridge$ /Audio/Bridges/4-Red/24-babe.mp3 [L]
RewriteRule ^red/message-in-a-bottle-bridge$ /Audio/Bridges/4-Red/25-message-in-a-bottle.mp3 [L]
RewriteRule ^red/i-bet-you-think-about-me-bridge$ /Audio/Bridges/4-Red/26-i-bet-you-think-about-me.mp3 [L]
RewriteRule ^red/forever-winter-bridge$ /Audio/Bridges/4-Red/27-forever-winter.mp3 [L]
RewriteRule ^red/run-bridge$ /Audio/Bridges/4-Red/28-run.mp3 [L]
RewriteRule ^red/the-very-first-night-bridge$ /Audio/Bridges/4-Red/29-the-very-first-night.mp3 [L]
RewriteRule ^red/all-too-well-10-minute-version-bridge$ /Audio/Bridges/4-Red/30-all-too-well-10-minute-version.mp3 [L]
RewriteRule ^red/safe-and-sound-bridge$ /Audio/Bridges/4-Red/31-safe-and-sound\.mp3 [L]
RewriteRule ^red/eyes-open-bridge$ /Audio/Bridges/4-Red/32-eyes-open.mp3 [L]

# Rewrite Rules For 1989 Bridges
RewriteRule ^1989/welcome-to-new-york-bridge$ /Audio/Bridges/5-1989/1-welcome-to-new-york.mp3 [L]
RewriteRule ^1989/blank-space-bridge$ /Audio/Bridges/5-1989/2-blank-space.mp3 [L]
RewriteRule ^1989/style-bridge$ /Audio/Bridges/5-1989/3-style.mp3 [L]
RewriteRule ^1989/out-of-the-woods-bridge$ /Audio/Bridges/5-1989/4-out-of-the-woods.mp3 [L]
RewriteRule ^1989/all-you-had-to-do-was-stay-bridge$ /Audio/Bridges/5-1989/5-all-you-had-to-do-was-stay.mp3 [L]
RewriteRule ^1989/shake-it-off-bridge$ /Audio/Bridges/5-1989/6-shake-it-off.mp3 [L]
RewriteRule ^1989/i-wish-you-would-bridge$ /Audio/Bridges/5-1989/7-i-wish-you-would.mp3 [L]
RewriteRule ^1989/bad-blood-bridge$ /Audio/Bridges/5-1989/8-bad-blood.mp3 [L]
RewriteRule ^1989/wildest-dreams-bridge$ /Audio/Bridges/5-1989/9-wildest-dreams.mp3 [L]
RewriteRule ^1989/how-you-get-the-girl-bridge$ /Audio/Bridges/5-1989/10-how-you-get-the-girl.mp3 [L]
RewriteRule ^1989/this-love-bridge$ /Audio/Bridges/5-1989/11-this-love.mp3 [L]
RewriteRule ^1989/i-know-places-bridge$ /Audio/Bridges/5-1989/12-i-know-places.mp3 [L]
RewriteRule ^1989/clean-bridge$ /Audio/Bridges/5-1989/13-clean.mp3 [L]
RewriteRule ^1989/wonderland-bridge$ /Audio/Bridges/5-1989/14-wonderland.mp3 [L]
RewriteRule ^1989/you-are-in-love-bridge$ /Audio/Bridges/5-1989/15-you-are-in-love.mp3 [L]
RewriteRule ^1989/new-romantics-bridge$ /Audio/Bridges/5-1989/16-new-romantics.mp3 [L]

# Rewrite Rules For reputation Bridges
RewriteRule ^reputation/i-did-something-bad-bridge$ /Audio/Bridges/6-reputation/3-i-did-something-bad.mp3 [L]
RewriteRule ^reputation/dont-blame-me-bridge$ /Audio/Bridges/6-reputation/4-dont-blame-me.mp3 [L]
RewriteRule ^reputation/delicate-bridge$ /Audio/Bridges/6-reputation/5-delicate.mp3 [L]
RewriteRule ^reputation/look-what-you-made-me-do-bridge$ /Audio/Bridges/6-reputation/6-look-what-you-made-me-do.mp3 [L]
RewriteRule ^reputation/so-it-goes-bridge$ /Audio/Bridges/6-reputation/7-so-it-goes.mp3 [L]
RewriteRule ^reputation/gorgeous-bridge$ /Audio/Bridges/6-reputation/8-gorgeous.mp3 [L]
RewriteRule ^reputation/getaway-car-bridge$ /Audio/Bridges/6-reputation/9-getaway-car.mp3 [L]
RewriteRule ^reputation/king-of-my-heart-bridge$ /Audio/Bridges/6-reputation/10-king-of-my-heart.mp3 [L]
RewriteRule ^reputation/dancing-with-our-hands-tied-bridge$ /Audio/Bridges/6-reputation/11-dancing-with-our-hands-tied.mp3 [L]
RewriteRule ^reputation/dress-bridge$ /Audio/Bridges/6-reputation/12-dress.mp3 [L]
RewriteRule ^reputation/this-is-why-we-cant-have-nice-things-bridge$ /Audio/Bridges/6-reputation/13-this-is-why-we-cant-have-nice-things.mp3 [L]
RewriteRule ^reputation/call-it-what-you-want-bridge$ /Audio/Bridges/6-reputation/14-call-it-what-you-want.mp3 [L]
RewriteRule ^reputation/new-years-day-bridge$ /Audio/Bridges/6-reputation/15-new-years-day.mp3 [L]

# Rewrite Rules For Lover Bridges
RewriteRule ^lover/i-forgot-that-you-existed-bridge$ /Audio/Bridges/7-Lover/1-i-forgot-that-you-existed.mp3 [L]
RewriteRule ^lover/cruel-summer-bridge$ /Audio/Bridges/7-Lover/2-cruel-summer.mp3 [L]
RewriteRule ^lover/lover-bridge$ /Audio/Bridges/7-Lover/3-lover.mp3 [L]
RewriteRule ^lover/the-man-bridge$ /Audio/Bridges/7-Lover/4-the-man.mp3 [L]
RewriteRule ^lover/the-archer-bridge$ /Audio/Bridges/7-Lover/5-the-archer.mp3 [L]
RewriteRule ^lover/i-think-he-knows-bridge$ /Audio/Bridges/7-Lover/6-i-think-he-knows.mp3 [L]
RewriteRule ^lover/miss-americana-and-the-heartbreak-prince-bridge$ /Audio/Bridges/7-Lover/7-miss-americana-and-the-heartbreak-prince.mp3 [L]
RewriteRule ^lover/paper-rings-bridge$ /Audio/Bridges/7-Lover/8-paper-rings.mp3 [L]
RewriteRule ^lover/cornelia-street-bridge$ /Audio/Bridges/7-Lover/9-cornelia-street.mp3 [L]
RewriteRule ^lover/death-by-a-thousand-cuts-bridge$ /Audio/Bridges/7-Lover/10-death-by-a-thousand-cuts.mp3 [L]
RewriteRule ^lover/london-boy-bridge$ /Audio/Bridges/7-Lover/11-london-boy.mp3 [L]
RewriteRule ^lover/soon-youll-get-better-bridge$ /Audio/Bridges/7-Lover/12-soon-youll-get-better.mp3 [L]
RewriteRule ^lover/you-need-calm-down-bridge$ /Audio/Bridges/7-Lover/14-you-need-calm-down.mp3 [L]
RewriteRule ^lover/afterglow-bridge$ /Audio/Bridges/7-Lover/15-afterglow.mp3 [L]
RewriteRule ^lover/me-bridge$ /Audio/Bridges/7-Lover/16-me.mp3 [L]
RewriteRule ^lover/daylight-bridge$ /Audio/Bridges/7-Lover/18-daylight.mp3 [L]
RewriteRule ^lover/all-of-the-girls-you-loved-before-bridge$ /Audio/Bridges/7-Lover/19-all-of-the-girls-you-loved-before.mp3 [L]

# Rewrite Rules For folklore Bridges
RewriteRule ^folklore/the-1-bridge$ /Audio/Bridges/8-folklore/1-the-1.mp3 [L]
RewriteRule ^folklore/cardigan-bridge$ /Audio/Bridges/8-folklore/2-cardigan.mp3 [L]
RewriteRule ^folklore/the-last-great-american-dynasty-bridge$ /Audio/Bridges/8-folklore/3-the-last-great-american-dynasty.mp3 [L]
RewriteRule ^folklore/exile-bridge$ /Audio/Bridges/8-folklore/4-exile.mp3 [L]
RewriteRule ^folklore/my-tears-ricochet-bridge$ /Audio/Bridges/8-folklore/5-my-tears-ricochet.mp3 [L]
RewriteRule ^folklore/mirrorball-bridge$ /Audio/Bridges/8-folklore/6-mirrorball.mp3 [L]
RewriteRule ^folklore/seven-bridge$ /Audio/Bridges/8-folklore/7-seven.mp3 [L]
RewriteRule ^folklore/august-bridge$ /Audio/Bridges/8-folklore/8-august.mp3 [L]
RewriteRule ^folklore/this-is-me-trying-bridge$ /Audio/Bridges/8-folklore/9-this-is-me-trying.mp3 [L]
RewriteRule ^folklore/illicit-affairs-bridge$ /Audio/Bridges/8-folklore/10-illicit-affairs.mp3 [L]
RewriteRule ^folklore/invisible-string-bridge$ /Audio/Bridges/8-folklore/11-invisible-string.mp3 [L]
RewriteRule ^folklore/mad-woman-bridge$ /Audio/Bridges/8-folklore/12-mad-woman.mp3 [L]
RewriteRule ^folklore/epiphany-bridge$ /Audio/Bridges/8-folklore/13-epiphany.mp3 [L]
RewriteRule ^folklore/betty-bridge$ /Audio/Bridges/8-folklore/14-betty.mp3 [L]
RewriteRule ^folklore/hoax-bridge$ /Audio/Bridges/8-folklore/16-hoax.mp3 [L]
RewriteRule ^folklore/the-lakes-bridge$ /Audio/Bridges/8-folklore/17-the-lakes.mp3 [L]

# Rewrite Rules For evermore Bridges
RewriteRule ^evermore/willow-bridge$ /Audio/Bridges/9-evermore/1-willow.mp3 [L]
RewriteRule ^evermore/champagne-problems-bridge$ /Audio/Bridges/9-evermore/2-champagne-problems.mp3 [L]
RewriteRule ^evermore/tis-the-damn-season-bridge$ /Audio/Bridges/9-evermore/4-tis-the-damn-season.mp3 [L]
RewriteRule ^evermore/tolerate-it-bridge$ /Audio/Bridges/9-evermore/5-tolerate-it.mp3 [L]
RewriteRule ^evermore/happiness-bridge$ /Audio/Bridges/9-evermore/7-happiness.mp3 [L]
RewriteRule ^evermore/coney-island-bridge$ /Audio/Bridges/9-evermore/9-coney-island.mp3 [L]
RewriteRule ^evermore/ivy-bridge$ /Audio/Bridges/9-evermore/10-ivy.mp3 [L]
RewriteRule ^evermore/cowboy-like-me-bridge$ /Audio/Bridges/9-evermore/11-cowboy-like-me.mp3 [L]
RewriteRule ^evermore/long-story-short-bridge$ /Audio/Bridges/9-evermore/12-long-story-short.mp3 [L]
RewriteRule ^evermore/marjorie-bridge$ /Audio/Bridges/9-evermore/13-marjorie.mp3 [L]
RewriteRule ^evermore/closure-bridge$ /Audio/Bridges/9-evermore/14-closure.mp3 [L]
RewriteRule ^evermore/evermore-bridge-1$ /Audio/Bridges/9-evermore/15-evermore-bridge-1.mp3 [L]
RewriteRule ^evermore/evermore-bridge-2$ /Audio/Bridges/9-evermore/15-evermore-bridge-2.mp3 [L]
RewriteRule ^evermore/right-where-you-left-me-bridge$ /Audio/Bridges/9-evermore/16-right-where-you-left-me.mp3 [L]

# Rewrite Rules For Midnights Bridges
RewriteRule ^midnights/lavender-haze-bridge$ /Audio/Bridges/10-Midnights/1-lavender-haze.mp3 [L]
RewriteRule ^midnights/maroon-bridge$ /Audio/Bridges/10-Midnights/2-maroon.mp3 [L]
RewriteRule ^midnights/anti-hero-bridge$ /Audio/Bridges/10-Midnights/3-anti-hero.mp3 [L]
RewriteRule ^midnights/snow-on-the-beach-bridge$ /Audio/Bridges/10-Midnights/4-snow-on-the-beach.mp3 [L]
RewriteRule ^midnights/youre-on-your-own-kid-bridge$ /Audio/Bridges/10-Midnights/5-youre-on-your-own-kid.mp3 [L]
RewriteRule ^midnights/question-bridge$ /Audio/Bridges/10-Midnights/7-question.mp3 [L]
RewriteRule ^midnights/vigilante-shit-bridge$ /Audio/Bridges/10-Midnights/8-vigilante-shit.mp3 [L]
RewriteRule ^midnights/bejeweled-bridge$ /Audio/Bridges/10-Midnights/9-bejeweled.mp3 [L]
RewriteRule ^midnights/karma-bridge$ /Audio/Bridges/10-Midnights/11-karma.mp3 [L]
RewriteRule ^midnights/sweet-nothing-bridge$ /Audio/Bridges/10-Midnights/12-sweet-nothing.mp3 [L]
RewriteRule ^midnights/mastermind-bridge$ /Audio/Bridges/10-Midnights/13-mastermind.mp3 [L]
RewriteRule ^midnights/the-great-war-bridge$ /Audio/Bridges/10-Midnights/14-the-great-war.mp3 [L]
RewriteRule ^midnights/bigger-than-the-whole-sky-bridge$ /Audio/Bridges/10-Midnights/15-bigger-than-the-whole-sky.mp3 [L]
RewriteRule ^midnights/paris-bridge$ /Audio/Bridges/10-Midnights/16-paris.mp3 [L]
RewriteRule ^midnights/glitch-bridge$ /Audio/Bridges/10-Midnights/18-glitch.mp3 [L]
RewriteRule ^midnights/wouldve-couldve-shouldve-bridge$ /Audio/Bridges/10-Midnights/19-wouldve-couldve-shouldve.mp3 [L]
RewriteRule ^midnights/dear-reader-bridge$ /Audio/Bridges/10-Midnights/20-dear-reader.mp3 [L]
RewriteRule ^midnights/hits-different-bridge$ /Audio/Bridges/10-Midnights/21-hits-different.mp3 [L]
RewriteRule ^midnights/snow-on-the-beach-more-lana-bridge$ /Audio/Bridges/10-Midnights/22-snow-on-the-beach-more-lana.mp3 [L]
RewriteRule ^midnights/karma-remix-bridge$ /Audio/Bridges/10-Midnights/23-karma-remix.mp3 [L]
RewriteRule ^midnights/youre-losing-me-bridge$ /Audio/Bridges/10-Midnights/24-youre-losing-me.mp3 [L]

# --------------------------------------------- (Redirects)

# this is where the *hostinger* redirects shall go

# Song Page Redirects (No Album Title) -------------

# Redirects For Taylor Swift (Debut) Song Pages
Redirect 301 /tim-mcgraw /taylor-swift/tim-mcgraw
Redirect 301 /picture-to-burn /taylor-swift/picture-to-burn
Redirect 301 /teardrops-on-my-guitar /taylor-swift/teardrops-on-my-guitar
Redirect 301 /a-place-in-this-world /taylor-swift/a-place-in-this-world
Redirect 301 /cold-as-you /taylor-swift/cold-as-you
Redirect 301 /the-outside /taylor-swift/the-outside
Redirect 301 /tied-together-with-a-smile /taylor-swift/tied-together-with-a-smile
Redirect 301 /stay-beautiful /taylor-swift/stay-beautiful
Redirect 301 /shouldve-said-no /taylor-swift/shouldve-said-no
Redirect 301 /marys-song /taylor-swift/marys-song
Redirect 301 /our-song /taylor-swift/our-song
Redirect 301 /im-only-me-when-im-with-you /taylor-swift/im-only-me-when-im-with-you
Redirect 301 /invisible /taylor-swift/invisible
Redirect 301 /a-perfectly-good-heart /taylor-swift/a-perfectly-good-heart
Redirect 301 /teardrops-on-my-guitar-pop-version /taylor-swift/teardrops-on-my-guitar-pop-version

# Redirects For Fearless Song Pages
Redirect 301 /fearless-song /fearless/fearless
Redirect 301 /fifteen /fearless/fifteen
Redirect 301 /love-story /fearless/love-story
Redirect 301 /hey-stephen /fearless/hey-stephen
Redirect 301 /white-horse /fearless/white-horse
Redirect 301 /you-belong-with-me /fearless/you-belong-with-me
Redirect 301 /breathe /fearless/breathe
Redirect 301 /tell-me-why /fearless/tell-me-why
Redirect 301 /youre-not-sorry /fearless/youre-not-sorry
Redirect 301 /the-way-i-loved-you /fearless/the-way-i-loved-you
Redirect 301 /forever-and-always /fearless/forever-and-always
Redirect 301 /the-best-day /fearless/the-best-day
Redirect 301 /change /fearless/change
Redirect 301 /jump-then-fall /fearless/jump-then-fall
Redirect 301 /untouchable /fearless/untouchable
Redirect 301 /forever-and-always-piano-version /fearless/forever-and-always-piano-version
Redirect 301 /come-in-with-the-rain /fearless/come-in-with-the-rain
Redirect 301 /superstar /fearless/superstar
Redirect 301 /the-other-side-of-the-door /fearless/the-other-side-of-the-door
Redirect 301 /today-was-a-fairytale /fearless/today-was-a-fairytale
Redirect 301 /you-all-over-me /fearless/you-all-over-me
Redirect 301 /mr-perfectly-fine /fearless/mr-perfectly-fine
Redirect 301 /we-were-happy /fearless/we-were-happy
Redirect 301 /thats-when /fearless/thats-when
Redirect 301 /dont-you /fearless/dont-you
Redirect 301 /bye-bye-baby /fearless/bye-bye-baby
Redirect 301 /if-this-was-a-movie /fearless/if-this-was-a-movie

# Redirects For Speak Now Song Pages
Redirect 301 /mine /speak-now/mine
Redirect 301 /sparks-fly /speak-now/sparks-fly
Redirect 301 /back-to-december /speak-now/back-to-december
Redirect 301 /speak-now-song /speak-now/speak-now
Redirect 301 /dear-john /speak-now/dear-john
Redirect 301 /mean /speak-now/mean
Redirect 301 /the-story-of-us /speak-now/the-story-of-us
Redirect 301 /never-grow-up /speak-now/never-grow-up
Redirect 301 /enchanted /speak-now/enchanted
Redirect 301 /better-than-revenge /speak-now/better-than-revenge
Redirect 301 /innocent /speak-now/innocent
Redirect 301 /haunted /speak-now/haunted
Redirect 301 /last-kiss /speak-now/last-kiss
Redirect 301 /long-live /speak-now/long-live
Redirect 301 /ours /speak-now/ours
Redirect 301 /superman /speak-now/superman
Redirect 301 /electric-touch /speak-now/electric-touch
Redirect 301 /when-emma-falls-in-love /speak-now/when-emma-falls-in-love
Redirect 301 /i-can-see-you /speak-now/i-can-see-you
Redirect 301 /castles-crumbling /speak-now/castles-crumbling
Redirect 301 /foolish-one /speak-now/foolish-one
Redirect 301 /timeless /speak-now/timeless

# Redirects For Red Song Pages
Redirect 301 /state-of-grace /red/state-of-grace
Redirect 301 /red-song /red/red
Redirect 301 /treacherous /red/treacherous
Redirect 301 /i-knew-you-were-trouble /red/i-knew-you-were-trouble
Redirect 301 /all-too-well /red/all-too-well
Redirect 301 /22 /red/22
Redirect 301 /i-almost-do /red/i-almost-do
Redirect 301 /we-are-never-ever-getting-back-together /red/we-are-never-ever-getting-back-together
Redirect 301 /stay-stay-stay /red/stay-stay-stay
Redirect 301 /the-last-time /red/the-last-time
Redirect 301 /holy-ground /red/holy-ground
Redirect 301 /sad-beautiful-tragic /red/sad-beautiful-tragic
Redirect 301 /the-lucky-one /red/the-lucky-one
Redirect 301 /everything-has-changed /red/everything-has-changed
Redirect 301 /starlight /red/starlight
Redirect 301 /begin-again /red/begin-again
Redirect 301 /the-moment-i-knew /red/the-moment-i-knew
Redirect 301 /come-back-be-here /red/come-back-be-here
Redirect 301 /girl-at-home /red/girl-at-home
Redirect 301 /state-of-grace-acoustic-version /red/state-of-grace-acoustic-version
Redirect 301 /ronan /red/ronan
Redirect 301 /better-man /red/better-man
Redirect 301 /nothing-new /red/nothing-new
Redirect 301 /babe /red/babe
Redirect 301 /message-in-a-bottle /red/message-in-a-bottle
Redirect 301 /i-bet-you-think-about-me /red/i-bet-you-think-about-me
Redirect 301 /forever-winter /red/forever-winter
Redirect 301 /run /red/run
Redirect 301 /the-very-first-night /red/the-very-first-night
Redirect 301 /all-too-well-10-minute-version /red/all-too-well-10-minute-version
Redirect 301 /safe-and-sound /red/safe-and-sound
Redirect 301 /eyes-open /red/eyes-open

# Redirects For 1989 Song Pages
Redirect 301 /welcome-to-new-york /1989/welcome-to-new-york
Redirect 301 /blank-space /1989/blank-space
Redirect 301 /style /1989/style
Redirect 301 /out-of-the-woods /1989/out-of-the-woods
Redirect 301 /all-you-had-to-do-was-stay /1989/all-you-had-to-do-was-stay
Redirect 301 /shake-it-off /1989/shake-it-off
Redirect 301 /i-wish-you-would /1989/i-wish-you-would
Redirect 301 /bad-blood /1989/bad-blood
Redirect 301 /wildest-dreams /1989/wildest-dreams
Redirect 301 /how-you-get-the-girl /1989/how-you-get-the-girl
Redirect 301 /this-love /1989/this-love
Redirect 301 /i-know-places /1989/i-know-places
Redirect 301 /clean /1989/clean
Redirect 301 /wonderland /1989/wonderland
Redirect 301 /you-are-in-love /1989/you-are-in-love
Redirect 301 /new-romantics /1989/new-romantics
Redirect 301 /slut /1989/slut
Redirect 301 /say-dont-go /1989/say-dont-go
Redirect 301 /now-that-we-dont-talk /1989/now-that-we-dont-talk
Redirect 301 /suburban-legends /1989/suburban-legends
Redirect 301 /is-it-over-now /1989/is-it-over-now
Redirect 301 /bad-blood-remix /1989/bad-blood-remix

# Redirects For reputation Song Pages
Redirect 301 /ready-for-it /reputation/ready-for-it
Redirect 301 /end-game /reputation/end-game
Redirect 301 /i-did-something-bad /reputation/i-did-something-bad
Redirect 301 /dont-blame-me /reputation/dont-blame-me
Redirect 301 /delicate /reputation/delicate
Redirect 301 /look-what-you-made-me-do /reputation/look-what-you-made-me-do
Redirect 301 /so-it-goes /reputation/so-it-goes
Redirect 301 /gorgeous /reputation/gorgeous
Redirect 301 /getaway-car /reputation/getaway-car
Redirect 301 /king-of-my-heart /reputation/king-of-my-heart
Redirect 301 /dancing-with-our-hands-tied /reputation/dancing-with-our-hands-tied
Redirect 301 /dress /reputation/dress
Redirect 301 /this-is-why-we-cant-have-nice-things /reputation/this-is-why-we-cant-have-nice-things
Redirect 301 /call-it-what-you-want /reputation/call-it-what-you-want
Redirect 301 /new-years-day /reputation/new-years-day


# Redirects For Lover Song Pages
Redirect 301 /i-forgot-that-you-existed /lover/i-forgot-that-you-existed
Redirect 301 /cruel-summer /lover/cruel-summer
Redirect 301 /lover-song /lover/lover
Redirect 301 /the-man /lover/the-man
Redirect 301 /the-archer /lover/the-archer
Redirect 301 /i-think-he-knows /lover/i-think-he-knows
Redirect 301 /miss-americana-and-the-heartbreak-prince /lover/miss-americana-and-the-heartbreak-prince
Redirect 301 /paper-rings /lover/paper-rings
Redirect 301 /cornelia-street /lover/cornelia-street
Redirect 301 /death-by-a-thousand-cuts /lover/death-by-a-thousand-cuts
Redirect 301 /london-boy /lover/london-boy
Redirect 301 /soon-youll-get-better /lover/soon-youll-get-better
Redirect 301 /false-god /lover/false-god
Redirect 301 /you-need-to-calm-down /lover/you-need-to-calm-down
Redirect 301 /afterglow /lover/afterglow
Redirect 301 /me /lover/me
Redirect 301 /its-nice-to-have-a-friend /lover/its-nice-to-have-a-friend
Redirect 301 /daylight /lover/daylight
Redirect 301 /all-of-the-girls-you-loved-before /lover/all-of-the-girls-you-loved-before

# Redirects For folklore Song Pages
Redirect 301 /the-1 /folklore/the-1
Redirect 301 /cardigan /folklore/cardigan
Redirect 301 /the-last-great-american-dynasty /folklore/the-last-great-american-dynasty
Redirect 301 /exile /folklore/exile
Redirect 301 /my-tears-ricochet /folklore/my-tears-ricochet
Redirect 301 /mirrorball /folklore/mirrorball
Redirect 301 /seven /folklore/seven
Redirect 301 /august /folklore/august
Redirect 301 /this-is-me-trying /folklore/this-is-me-trying
Redirect 301 /illicit-affairs /folklore/illicit-affairs
Redirect 301 /invisible-string /folklore/invisible-string
Redirect 301 /mad-woman /folklore/mad-woman
Redirect 301 /epiphany /folklore/epiphany
Redirect 301 /betty /folklore/betty
Redirect 301 /peace /folklore/peace
Redirect 301 /hoax /folklore/hoax
Redirect 301 /the-lakes /folklore/the-lakes

# Redirects For evermore Song Pages
Redirect 301 /willow /evermore/willow
Redirect 301 /champagne-problems /evermore/champagne-problems
Redirect 301 /gold-rush /evermore/gold-rush
Redirect 301 /tis-the-damn-season /evermore/tis-the-damn-season
Redirect 301 /tolerate-it /evermore/tolerate-it
Redirect 301 /no-body-no-crime /evermore/no-body-no-crime
Redirect 301 /happiness /evermore/happiness
Redirect 301 /dorothea /evermore/dorothea
Redirect 301 /coney-island /evermore/coney-island
Redirect 301 /ivy /evermore/ivy
Redirect 301 /cowboy-like-me /evermore/cowboy-like-me
Redirect 301 /long-story-short /evermore/long-story-short
Redirect 301 /marjorie /evermore/marjorie
Redirect 301 /closure /evermore/closure
Redirect 301 /evermore-song /evermore/evermore
Redirect 301 /right-where-you-left-me /evermore/right-where-you-left-me
Redirect 301 /its-time-to-go /evermore/its-time-to-go

# Redirects For Midnights Song Pages
Redirect 301 /lavender-haze /midnights/lavender-haze
Redirect 301 /maroon /midnights/maroon
Redirect 301 /anti-hero /midnights/anti-hero
Redirect 301 /snow-on-the-beach /midnights/snow-on-the-beach
Redirect 301 /youre-on-your-own-kid /midnights/youre-on-your-own-kid
Redirect 301 /midnight-rain /midnights/midnight-rain
Redirect 301 /question /midnights/question
Redirect 301 /vigilante-shit /midnights/vigilante-shit
Redirect 301 /bejeweled /midnights/bejeweled
Redirect 301 /labyrinth /midnights/labyrinth
Redirect 301 /karma /midnights/karma
Redirect 301 /sweet-nothing /midnights/sweet-nothing
Redirect 301 /mastermind /midnights/mastermind
Redirect 301 /the-great-war /midnights/the-great-war
Redirect 301 /bigger-than-the-whole-sky /midnights/bigger-than-the-whole-sky
Redirect 301 /paris /midnights/paris
Redirect 301 /high-infidelity /midnights/high-infidelity
Redirect 301 /glitch /midnights/glitch
Redirect 301 /wouldve-couldve-shouldve /midnights/wouldve-couldve-shouldve
Redirect 301 /dear-reader /midnights/dear-reader
Redirect 301 /hits-different /midnights/hits-different
Redirect 301 /karma-remix /midnights/karma-remix
Redirect 301 /snow-on-the-beach-more-lana /midnights/snow-on-the-beach-more-lana
Redirect 301 /youre-losing-me /midnights/youre-losing-me

# Song Page Redirects (No Album Title & Spaces) -------------

# Redirects for Canva
Redirect 301 /eras-tour-ticket-template https://www.canva.com/design/DAFy5mViqTs/SouKQaysmH-xVMPVRrIHAQ/view?utm_content=DAFy5mViqTs&utm_campaign=designshare&utm_medium=link&utm_source=publishsharelink&mode=preview
Redirect 301 /ticket-template https://www.canva.com/design/DAFy5mViqTs/SouKQaysmH-xVMPVRrIHAQ/view?utm_content=DAFy5mViqTs&utm_campaign=designshare&utm_medium=link&utm_source=publishsharelink&mode=preview

# Lyric Video Redirects -------------

# Redirects For Taylor Swift (Debut) Lyric Videos
#Redirect 301 /taylor-swift/tim-mcgraw-lv link
#Redirect 301 /taylor-swift/picture-to-burn-lv link
#Redirect 301 /taylor-swift/teardrops-on-my-guitar-lv link
#Redirect 301 /taylor-swift/a-place-in-this-world-lv link
#Redirect 301 /taylor-swift/cold-as-you-lv link
#Redirect 301 /taylor-swift/the-outside-lv link
#Redirect 301 /taylor-swift/tied-together-with-a-smile-lv link
#Redirect 301 /taylor-swift/stay-beautiful-lv link
#Redirect 301 /taylor-swift/shouldve-said-no-lv link
#Redirect 301 /taylor-swift/marys-song-lv link
#Redirect 301 /taylor-swift/our-song-lv link
#Redirect 301 /taylor-swift/im-only-me-when-im-with-you-lv link
#Redirect 301 /taylor-swift/invisible-lv link
#Redirect 301 /taylor-swift/a-perfectly-good-heart-lv link
#Redirect 301 /taylor-swift/teardrops-on-my-guitar-pop-version-lv link

# Redirects For Fearless Lyric Videos
Redirect 301 /fearless/fearless-lv https://youtu.be/7lLigiVgJsE
Redirect 301 /fearless/fifteen-lv https://youtu.be/rLCol1C3ouc
Redirect 301 /fearless/love-story-lv https://youtu.be/aXzVF3XeS8M
Redirect 301 /fearless/hey-stephen-lv https://youtu.be/tMhiHrL7rPE
Redirect 301 /fearless/white-horse-lv https://youtu.be/9-rKvhsjwKU
Redirect 301 /fearless/you-belong-with-me-lv https://youtu.be/vwp8Ur6tO-8
Redirect 301 /fearless/breathe-lv https://youtu.be/qsUK-BG5OQQ
Redirect 301 /fearless/tell-me-why-lv https://youtu.be/cwFbq-70EwE
Redirect 301 /fearless/youre-not-sorry-lv https://youtu.be/DNaSlUYIXBg
Redirect 301 /fearless/the-way-i-loved-you-lv https://youtu.be/DlexmDDSDZ0
Redirect 301 /fearless/forever-and-always-lv https://youtu.be/T-41vMWQTUA
Redirect 301 /fearless/the-best-day-lv https://youtu.be/KZeI9I875Ig
Redirect 301 /fearless/change-lv https://youtu.be/jwWR1cQTKyw
Redirect 301 /fearless/jump-then-fall-lv https://youtu.be/vUHDR6Rg3Y4
Redirect 301 /fearless/untouchable-lv https://youtu.be/8bNlGwnEUAs
Redirect 301 /fearless/forever-and-always-piano-version-lv https://youtu.be/RcGowZ26sE0
Redirect 301 /fearless/come-in-with-the-rain-lv https://youtu.be/ePjcjLRHPOo
Redirect 301 /fearless/superstar-lv https://youtu.be/IsCik8wznlU
Redirect 301 /fearless/the-other-side-of-the-door-lv https://youtu.be/425n1NoRtgA
Redirect 301 /fearless/today-was-a-fairytale-lv https://youtu.be/xSWVPqnKcXQ
Redirect 301 /fearless/you-all-over-me-lv https://youtu.be/XKaMUm7YwZc
Redirect 301 /fearless/mr-perfectly-fine-lv https://youtu.be/rFjJs6ZjPe8
Redirect 301 /fearless/we-were-happy-lv https://youtu.be/seU5y5EgIwk
Redirect 301 /fearless/thats-when-lv https://youtu.be/aOa6D6ku3dM
Redirect 301 /fearless/dont-you-lv https://youtu.be/dHdAN4FXzmc
Redirect 301 /fearless/bye-bye-baby-lv https://youtu.be/yuFuwXd-B9E
# Simpler Redirects For Fearless Lyric Videos
Redirect 301 /fearless-lv https://youtu.be/7lLigiVgJsE
Redirect 301 /fifteen-lv https://youtu.be/rLCol1C3ouc
Redirect 301 /love-story-lv https://youtu.be/aXzVF3XeS8M
Redirect 301 /hey-stephen-lv https://youtu.be/tMhiHrL7rPE
Redirect 301 /white-horse-lv https://youtu.be/9-rKvhsjwKU
Redirect 301 /you-belong-with-me-lv https://youtu.be/vwp8Ur6tO-8
Redirect 301 /breathe-lv https://youtu.be/qsUK-BG5OQQ
Redirect 301 /tell-me-why-lv https://youtu.be/cwFbq-70EwE
Redirect 301 /youre-not-sorry-lv https://youtu.be/DNaSlUYIXBg
Redirect 301 /the-way-i-loved-you-lv https://youtu.be/DlexmDDSDZ0
Redirect 301 /forever-and-always-lv https://youtu.be/T-41vMWQTUA
Redirect 301 /the-best-day-lv https://youtu.be/KZeI9I875Ig
Redirect 301 /change-lv https://youtu.be/jwWR1cQTKyw
Redirect 301 /jump-then-fall-lv https://youtu.be/vUHDR6Rg3Y4
Redirect 301 /untouchable-lv https://youtu.be/8bNlGwnEUAs
Redirect 301 /forever-and-always-piano-version-lv https://youtu.be/RcGowZ26sE0
Redirect 301 /come-in-with-the-rain-lv https://youtu.be/ePjcjLRHPOo
Redirect 301 /superstar-lv https://youtu.be/IsCik8wznlU
Redirect 301 /the-other-side-of-the-door-lv https://youtu.be/425n1NoRtgA
Redirect 301 /today-was-a-fairytale-lv https://youtu.be/xSWVPqnKcXQ
Redirect 301 /you-all-over-me-lv https://youtu.be/XKaMUm7YwZc
Redirect 301 /mr-perfectly-fine-lv https://youtu.be/rFjJs6ZjPe8
Redirect 301 /we-were-happy-lv https://youtu.be/seU5y5EgIwk
Redirect 301 /thats-when-lv https://youtu.be/aOa6D6ku3dM
Redirect 301 /dont-you-lv https://youtu.be/dHdAN4FXzmc
Redirect 301 /bye-bye-baby-lv https://youtu.be/yuFuwXd-B9E

# Redirects For Speak Now Lyric Videos
Redirect 301 /speak-now/mine-lv https://youtu.be/oxNLRqMJMZk
Redirect 301 /speak-now/sparks-fly-lv https://youtu.be/UlFrV5GJA_4
Redirect 301 /speak-now/back-to-december-lv https://youtu.be/qc2Z-OX9wnc
Redirect 301 /speak-now/speak-now-lv https://youtu.be/JlZnvyBqceY
Redirect 301 /speak-now/dear-john-lv https://youtu.be/N-FYySSy0rM
Redirect 301 /speak-now/mean-lv https://youtu.be/8AR1dKawCi8
Redirect 301 /speak-now/the-story-of-us-lv https://youtu.be/pRhWAXg4xek
Redirect 301 /speak-now/never-grow-up-lv https://youtu.be/maEVfpxDB8k
Redirect 301 /speak-now/enchanted-lv https://youtu.be/igIfiqqVHtA
Redirect 301 /speak-now/better-than-revenge-lv https://youtu.be/EH70M5OeS4o
Redirect 301 /speak-now/innocent-lv https://youtu.be/vO6JqQpJboY
Redirect 301 /speak-now/haunted-lv https://youtu.be/4cC6fw8EqWU
Redirect 301 /speak-now/last-kiss-lv https://youtu.be/idWma942CUI
Redirect 301 /speak-now/long-live-lv https://youtu.be/F5TMU6916U8
Redirect 301 /speak-now/ours-lv https://youtu.be/PH8Uc0Z_KRY
Redirect 301 /speak-now/superman-lv https://youtu.be/Fn0er7H1Dm0
Redirect 301 /speak-now/electric-touch-lv https://youtu.be/hMPK2vNXr-E
Redirect 301 /speak-now/when-emma-falls-in-love-lv https://youtu.be/IYqgVYjN3Go
Redirect 301 /speak-now/i-can-see-you-lv https://youtu.be/lVkKLf4DCn8
Redirect 301 /speak-now/castles-crumbling-lv https://youtu.be/V80A8qN4fR8
Redirect 301 /speak-now/foolish-one-lv https://youtu.be/6-x1AlDudZw
Redirect 301 /speak-now/timeless-lv https://youtu.be/osmzwWw4RYM
# Simpler Redirects For Speak Now Lyric Videos
Redirect 301 /mine-lv https://youtu.be/oxNLRqMJMZk
Redirect 301 /sparks-fly-lv https://youtu.be/UlFrV5GJA_4
Redirect 301 /back-to-december-lv https://youtu.be/qc2Z-OX9wnc
Redirect 301 /speak-now-lv https://youtu.be/JlZnvyBqceY
Redirect 301 /dear-john-lv https://youtu.be/N-FYySSy0rM
Redirect 301 /mean-lv https://youtu.be/8AR1dKawCi8
Redirect 301 /the-story-of-us-lv https://youtu.be/pRhWAXg4xek
Redirect 301 /never-grow-up-lv https://youtu.be/maEVfpxDB8k
Redirect 301 /enchanted-lv https://youtu.be/igIfiqqVHtA
Redirect 301 /better-than-revenge-lv https://youtu.be/EH70M5OeS4o
Redirect 301 /innocent-lv https://youtu.be/vO6JqQpJboY
Redirect 301 /haunted-lv https://youtu.be/4cC6fw8EqWU
Redirect 301 /last-kiss-lv https://youtu.be/idWma942CUI
Redirect 301 /long-live-lv https://youtu.be/F5TMU6916U8
Redirect 301 /ours-lv https://youtu.be/PH8Uc0Z_KRY
Redirect 301 /superman-lv https://youtu.be/Fn0er7H1Dm0
Redirect 301 /electric-touch-lv https://youtu.be/hMPK2vNXr-E
Redirect 301 /when-emma-falls-in-love-lv https://youtu.be/IYqgVYjN3Go
Redirect 301 /i-can-see-you-lv https://youtu.be/lVkKLf4DCn8
Redirect 301 /castles-crumbling-lv https://youtu.be/V80A8qN4fR8
Redirect 301 /foolish-one-lv https://youtu.be/6-x1AlDudZw
Redirect 301 /timeless-lv https://youtu.be/osmzwWw4RYM

# Redirects For Red Lyric Videos
Redirect 301 /red/state-of-grace-lv https://youtu.be/-mrC5tRkxrY
Redirect 301 /red/red-lv https://youtu.be/R_rUYuFtNO4
Redirect 301 /red/treacherous-lv https://youtu.be/u1D1AgDfreg
Redirect 301 /red/i-knew-you-were-trouble-lv https://youtu.be/TqAollrUJdA
Redirect 301 /red/all-too-well-lv https://youtu.be/9OQBDdNHmXo
Redirect 301 /red/22-lv https://youtu.be/9boiT64sm0Q
Redirect 301 /red/i-almost-do-lv https://youtu.be/w1AV_35zVwU
Redirect 301 /red/we-are-never-ever-getting-back-together-lv https://youtu.be/zJFcr1KyFqE
Redirect 301 /red/stay-stay-stay-lv https://youtu.be/OhJ-S9Nrh7Q
Redirect 301 /red/the-last-time-lv https://youtu.be/pCH4QrSx2Jg
Redirect 301 /red/holy-ground-lv https://youtu.be/S4PuN-IWi2g
Redirect 301 /red/sad-beautiful-tragic-lv https://youtu.be/jQfB4Gahi3I
Redirect 301 /red/the-lucky-one-lv https://youtu.be/4LtQxA_ooLk
Redirect 301 /red/everything-has-changed-lv https://youtu.be/eMcMbWl0fDk
Redirect 301 /red/starlight-lv https://youtu.be/lPvcwgEuKTg
Redirect 301 /red/begin-again-lv https://youtu.be/dXNZaHuKWNA
Redirect 301 /red/the-moment-i-knew-lv https://youtu.be/LmXn6BU16e0
Redirect 301 /red/come-back-be-here-lv https://youtu.be/hHWOAUjnmjQ
Redirect 301 /red/girl-at-home-lv https://youtu.be/UNckfN9upqo
Redirect 301 /red/state-of-grace-acoustic-version-lv https://youtu.be/D3mJe28un4M
Redirect 301 /red/ronan-lv https://youtu.be/kdiBc40gW7s
Redirect 301 /red/better-man-lv https://youtu.be/PReSQYTFvcs
Redirect 301 /red/nothing-new-lv https://youtu.be/m3fWCRvz5JA
Redirect 301 /red/babe-lv https://youtu.be/3pj39qZZYoQ
Redirect 301 /red/message-in-a-bottle-lv https://youtu.be/cVaG6adE2mA
Redirect 301 /red/i-bet-you-think-about-me-lv https://youtu.be/AccGdO5XeZY
Redirect 301 /red/forever-winter-lv https://youtu.be/TkAomsYFsJw
Redirect 301 /red/run-lv https://youtu.be/flv8AEWrRMI
Redirect 301 /red/the-very-first-night-lv https://youtu.be/rVuyi-dPMIc
Redirect 301 /red/all-too-well-10-minute-version-lv https://youtu.be/sRxrwjOtIag
# Simpler Redirects For Red Lyric Videos
Redirect 301 /state-of-grace-lv https://youtu.be/-mrC5tRkxrY
Redirect 301 /red-lv https://youtu.be/R_rUYuFtNO4
Redirect 301 /treacherous-lv https://youtu.be/u1D1AgDfreg
Redirect 301 /i-knew-you-were-trouble-lv https://youtu.be/TqAollrUJdA
Redirect 301 /all-too-well-lv https://youtu.be/9OQBDdNHmXo
Redirect 301 /22-lv https://youtu.be/9boiT64sm0Q
Redirect 301 /i-almost-do-lv https://youtu.be/w1AV_35zVwU
Redirect 301 /we-are-never-ever-getting-back-together-lv https://youtu.be/zJFcr1KyFqE
Redirect 301 /stay-stay-stay-lv https://youtu.be/OhJ-S9Nrh7Q
Redirect 301 /the-last-time-lv https://youtu.be/pCH4QrSx2Jg
Redirect 301 /holy-ground-lv https://youtu.be/S4PuN-IWi2g
Redirect 301 /sad-beautiful-tragic-lv https://youtu.be/jQfB4Gahi3I
Redirect 301 /the-lucky-one-lv https://youtu.be/4LtQxA_ooLk
Redirect 301 /everything-has-changed-lv https://youtu.be/eMcMbWl0fDk
Redirect 301 /starlight-lv https://youtu.be/lPvcwgEuKTg
Redirect 301 /begin-again-lv https://youtu.be/dXNZaHuKWNA
Redirect 301 /the-moment-i-knew-lv https://youtu.be/LmXn6BU16e0
Redirect 301 /come-back-be-here-lv https://youtu.be/hHWOAUjnmjQ
Redirect 301 /girl-at-home-lv https://youtu.be/UNckfN9upqo
Redirect 301 /state-of-grace-acoustic-version-lv https://youtu.be/D3mJe28un4M
Redirect 301 /ronan-lv https://youtu.be/kdiBc40gW7s
Redirect 301 /better-man-lv https://youtu.be/PReSQYTFvcs
Redirect 301 /nothing-new-lv https://youtu.be/m3fWCRvz5JA
Redirect 301 /babe-lv https://youtu.be/3pj39qZZYoQ
Redirect 301 /message-in-a-bottle-lv https://youtu.be/cVaG6adE2mA
Redirect 301 /i-bet-you-think-about-me-lv https://youtu.be/AccGdO5XeZY
Redirect 301 /forever-winter-lv https://youtu.be/TkAomsYFsJw
Redirect 301 /run-lv https://youtu.be/flv8AEWrRMI
Redirect 301 /the-very-first-night-lv https://youtu.be/rVuyi-dPMIc
Redirect 301 /all-too-well-10-minute-version-lv https://youtu.be/sRxrwjOtIag

# Redirects For 1989 Lyric Videos
#Redirect 301 /1989/welcome-to-new-york-lv link
#Redirect 301 /1989/blank-space-lv link
#Redirect 301 /1989/style-lv link
#Redirect 301 /1989/out-of-the-woods-lv link
#Redirect 301 /1989/all-you-had-to-do-was-stay-lv link
#Redirect 301 /1989/shake-it-off-lv link
#Redirect 301 /1989/i-wish-you-would-lv link
#Redirect 301 /1989/bad-blood-lv link
#Redirect 301 /1989/wildest-dreams-lv link
#Redirect 301 /1989/how-you-get-the-girl-lv link
Redirect 301 /1989/this-love-lv https://youtu.be/mvxQYPR4lmU
#Redirect 301 /1989/i-know-places-lv link
#Redirect 301 /1989/clean-lv link
#Redirect 301 /1989/wonderland-lv link
#Redirect 301 /1989/you-are-in-love-lv link
#Redirect 301 /1989/new-romantics-lv link
#Redirect 301 /1989/vault-1-lv link
#Redirect 301 /1989/vault-2-lv link
#Redirect 301 /1989/vault-3-lv link
#Redirect 301 /1989/vault-4-lv link
#Redirect 301 /1989/vault-5-lv link
# Simpler Redirects For 1989 Lyric Videos
#Redirect 301 /welcome-to-new-york-lv link
#Redirect 301 /blank-space-lv link
#Redirect 301 /style-lv link
#Redirect 301 /out-of-the-woods-lv link
#Redirect 301 /all-you-had-to-do-was-stay-lv link
#Redirect 301 /shake-it-off-lv link
#Redirect 301 /i-wish-you-would-lv link
#Redirect 301 /bad-blood-lv link
#Redirect 301 /wildest-dreams-lv link
#Redirect 301 /how-you-get-the-girl-lv link
Redirect 301 /this-love-lv https://youtu.be/mvxQYPR4lmU
#Redirect 301 /i-know-places-lv link
#Redirect 301 /clean-lv link
#Redirect 301 /wonderland-lv link
#Redirect 301 /you-are-in-love-lv link
#Redirect 301 /new-romantics-lv link
#Redirect 301 /vault-1-lv link
#Redirect 301 /vault-2-lv link
#Redirect 301 /vault-3-lv link
#Redirect 301 /vault-4-lv link
#Redirect 301 /vault-5-lv link

# Redirects For reputation Lyric Videos
#Redirect 301 /reputation/ready-for-it-lv link
#Redirect 301 /reputation/end-game-lv link
#Redirect 301 /reputation/i-did-something-bad-lv link
#Redirect 301 /reputation/dont-blame-me-lv link
#Redirect 301 /reputation/delicate-lv link
#Redirect 301 /reputation/look-what-you-made-me-do-lv link
#Redirect 301 /reputation/so-it-goes-lv link
Redirect 301 /reputation/gorgeous-lv https://youtu.be/EUoe7cf0HYw
#Redirect 301 /reputation/getaway-car-lv link
#Redirect 301 /reputation/king-of-my-heart-lv link
#Redirect 301 /reputation/dancing-with-our-hands-tied-lv link
#Redirect 301 /reputation/dress-lv link
#Redirect 301 /reputation/this-is-why-we-cant-have-nice-things-lv link
Redirect 301 /reputation/call-it-what-you-want-lv https://youtu.be/V54CEElTF_U
#Redirect 301 /reputation/new-years-day-lv link
# Simpler Redirects For reputation Lyric Videos
#Redirect 301 /ready-for-it-lv link
#Redirect 301 /end-game-lv link
#Redirect 301 /i-did-something-bad-lv link
#Redirect 301 /dont-blame-me-lv link
#Redirect 301 /delicate-lv link
#Redirect 301 /look-what-you-made-me-do-lv link
#Redirect 301 /so-it-goes-lv link
Redirect 301 /gorgeous-lv https://youtu.be/EUoe7cf0HYw
#Redirect 301 /getaway-car-lv link
#Redirect 301 /king-of-my-heart-lv link
#Redirect 301 /dancing-with-our-hands-tied-lv link
#Redirect 301 /dress-lv link
#Redirect 301 /this-is-why-we-cant-have-nice-things-lv link
Redirect 301 /call-it-what-you-want-lv https://youtu.be/V54CEElTF_U
#Redirect 301 /new-years-day-lv link

# Redirects For Lover Lyric Videos
#Redirect 301 /lover/i-forgot-that-you-existed-lv link
#Redirect 301 /lover/cruel-summer-lv link
Redirect 301 /lover/lover-lv https://youtu.be/cvUAzpn48xA
Redirect 301 /lover/the-man-lv https://youtu.be/tbEekLA7J3Y
Redirect 301 /lover/the-archer-lv https://youtu.be/8KpKc3C9V3w
#Redirect 301 /lover/i-think-he-knows-lv link
#Redirect 301 /lover/miss-americana-and-the-heartbreak-prince-lv link
#Redirect 301 /lover/paper-rings-lv link
#Redirect 301 /lover/cornelia-street-lv link
#Redirect 301 /lover/death-by-a-thousand-cuts-lv link
#Redirect 301 /lover/london-boy-lv link
#Redirect 301 /lover/soon-youll-get-better-lv link
#Redirect 301 /lover/false-god-lv link
Redirect 301 /lover/you-need-to-calm-down-lv https://youtu.be/GWtfOHBF1_w
#Redirect 301 /lover/afterglow-lv link
Redirect 301 /lover/me-lv https://youtu.be/S--WI8PUVVo
#Redirect 301 /lover/its-nice-to-have-a-friend-lv link
#Redirect 301 /lover/daylight-lv link
# Simpler Redirects For Lover Lyric Videos
#Redirect 301 /i-forgot-that-you-existed-lv link
#Redirect 301 /cruel-summer-lv link
Redirect 301 /lover-lv https://youtu.be/cvUAzpn48xA
Redirect 301 /the-man-lv https://youtu.be/tbEekLA7J3Y
Redirect 301 /the-archer-lv https://youtu.be/8KpKc3C9V3w
#Redirect 301 /i-think-he-knows-lv link
#Redirect 301 /miss-americana-and-the-heartbreak-prince-lv link
#Redirect 301 /paper-rings-lv link
#Redirect 301 /cornelia-street-lv link
#Redirect 301 /death-by-a-thousand-cuts-lv link
#Redirect 301 /london-boy-lv link
#Redirect 301 /soon-youll-get-better-lv link
#Redirect 301 /false-god-lv link
Redirect 301 /you-need-to-calm-down-lv https://youtu.be/GWtfOHBF1_w
#Redirect 301 /afterglow-lv link
Redirect 301 /me-lv https://youtu.be/S--WI8PUVVo
#Redirect 301 /its-nice-to-have-a-friend-lv link
#Redirect 301 /daylight-lv link

# Redirects For folklore Lyric Videos
Redirect 301 /folklore/the-1-lv https://youtu.be/KsZ6tROaVOQ
Redirect 301 /folklore/cardigan-lv https://youtu.be/zLSUp53y-HQ
Redirect 301 /folklore/the-last-great-american-dynasty-lv https://youtu.be/2s5xdY6MCeI
Redirect 301 /folklore/exile-lv https://youtu.be/osdoLjUNFnA
Redirect 301 /folklore/my-tears-ricochet-lv https://youtu.be/OWbDJFtHl3w
Redirect 301 /folklore/mirrorball-lv https://youtu.be/KaM1bCuG4xo
Redirect 301 /folklore/seven-lv https://youtu.be/pEY-GPsru_E
Redirect 301 /folklore/august-lv https://youtu.be/nn_0zPAfyo8
Redirect 301 /folklore/this-is-me-trying-lv https://youtu.be/9bdLTPNrlEg
Redirect 301 /folklore/illicit-affairs-lv https://youtu.be/MLV2SJKWk4M
Redirect 301 /folklore/invisible-string-lv https://youtu.be/OuFnpmGwg5k
Redirect 301 /folklore/mad-woman-lv https://youtu.be/6DP4q_1EgQQ
Redirect 301 /folklore/epiphany-lv https://youtu.be/DUnDkI7l9LQ
Redirect 301 /folklore/betty-lv https://youtu.be/6TAPqXkZW_I
Redirect 301 /folklore/peace-lv https://youtu.be/HpxX4ZE4KWE
Redirect 301 /folklore/hoax-lv https://youtu.be/ryLGxpjwAhM
Redirect 301 /folklore/the-lakes-lv https://youtu.be/tOHcAc3r2kw
# Simpler Redirects For folklore Lyric Videos
Redirect 301 /the-1-lv https://youtu.be/KsZ6tROaVOQ
Redirect 301 /cardigan-lv https://youtu.be/zLSUp53y-HQ
Redirect 301 /the-last-great-american-dynasty-lv https://youtu.be/2s5xdY6MCeI
Redirect 301 /exile-lv https://youtu.be/osdoLjUNFnA
Redirect 301 /my-tears-ricochet-lv https://youtu.be/OWbDJFtHl3w
Redirect 301 /mirrorball-lv https://youtu.be/KaM1bCuG4xo
Redirect 301 /seven-lv https://youtu.be/pEY-GPsru_E
Redirect 301 /august-lv https://youtu.be/nn_0zPAfyo8
Redirect 301 /this-is-me-trying-lv https://youtu.be/9bdLTPNrlEg
Redirect 301 /illicit-affairs-lv https://youtu.be/MLV2SJKWk4M
Redirect 301 /invisible-string-lv https://youtu.be/OuFnpmGwg5k
Redirect 301 /mad-woman-lv https://youtu.be/6DP4q_1EgQQ
Redirect 301 /epiphany-lv https://youtu.be/DUnDkI7l9LQ
Redirect 301 /betty-lv https://youtu.be/6TAPqXkZW_I
Redirect 301 /peace-lv https://youtu.be/HpxX4ZE4KWE
Redirect 301 /hoax-lv https://youtu.be/ryLGxpjwAhM
Redirect 301 /the-lakes-lv https://youtu.be/tOHcAc3r2kw

# Redirects For evermore Lyric Videos
Redirect 301 /evermore/willow-lv https://youtu.be/7EvwIw4gIyk
Redirect 301 /evermore/champagne-problems-lv https://youtu.be/wMpqCRF7TKg
Redirect 301 /evermore/gold-rush-lv https://youtu.be/Pz-f9mM3Ms8
Redirect 301 /evermore/tis-the-damn-season-lv https://youtu.be/WuvhOD-mP8M
Redirect 301 /evermore/tolerate-it-lv https://youtu.be/ukxEKY_7MOc
Redirect 301 /evermore/no-body-no-crime-lv https://youtu.be/IEPomqor2A8
Redirect 301 /evermore/happiness-lv https://youtu.be/tP4TTgt4nb0
Redirect 301 /evermore/dorothea-lv https://youtu.be/zI4DS5GmQWE
Redirect 301 /evermore/coney-island-lv https://youtu.be/c_p_TBaHvos
Redirect 301 /evermore/ivy-lv https://youtu.be/9nIOx-ezlzA
Redirect 301 /evermore/cowboy-like-me-lv https://youtu.be/YPlNBb6I8qU
Redirect 301 /evermore/long-story-short-lv https://youtu.be/rqQHa2HcGtM
Redirect 301 /evermore/marjorie-lv https://youtu.be/hP6QpMeSG6s
Redirect 301 /evermore/closure-lv https://youtu.be/AIFnKqIeEdY
Redirect 301 /evermore/evermore-lv https://youtu.be/EXLgZZE072g
Redirect 301 /evermore/right-where-you-left-me-lv https://youtu.be/Ur_wAcYDnuA
Redirect 301 /evermore/its-time-to-go-lv https://youtu.be/1iRbIYkccgw
# Simpler Redirects For evermore Lyric Videos
Redirect 301 /willow-lv https://youtu.be/7EvwIw4gIyk
Redirect 301 /champagne-problems-lv https://youtu.be/wMpqCRF7TKg
Redirect 301 /gold-rush-lv https://youtu.be/Pz-f9mM3Ms8
Redirect 301 /tis-the-damn-season-lv https://youtu.be/WuvhOD-mP8M
Redirect 301 /tolerate-it-lv https://youtu.be/ukxEKY_7MOc
Redirect 301 /no-body-no-crime-lv https://youtu.be/IEPomqor2A8
Redirect 301 /happiness-lv https://youtu.be/tP4TTgt4nb0
Redirect 301 /dorothea-lv https://youtu.be/zI4DS5GmQWE
Redirect 301 /coney-island-lv https://youtu.be/c_p_TBaHvos
Redirect 301 /ivy-lv https://youtu.be/9nIOx-ezlzA
Redirect 301 /cowboy-like-me-lv https://youtu.be/YPlNBb6I8qU
Redirect 301 /long-story-short-lv https://youtu.be/rqQHa2HcGtM
Redirect 301 /marjorie-lv https://youtu.be/hP6QpMeSG6s
Redirect 301 /closure-lv https://youtu.be/AIFnKqIeEdY
Redirect 301 /evermore-lv https://youtu.be/EXLgZZE072g
Redirect 301 /right-where-you-left-me-lv https://youtu.be/Ur_wAcYDnuA
Redirect 301 /its-time-to-go-lv https://youtu.be/1iRbIYkccgw

# Redirects For Midnights Lyric Videos
Redirect 301 /midnights/lavender-haze-lv https://youtu.be/mkR_Qwix4Ho
Redirect 301 /midnights/maroon-lv https://youtu.be/lvHZjvIyqsk
Redirect 301 /midnights/anti-hero-lv https://youtu.be/XqN2qFvY64U
Redirect 301 /midnights/snow-on-the-beach-lv https://youtu.be/ycE7bUq3-2k
Redirect 301 /midnights/youre-on-your-own-kid-lv https://youtu.be/7Gbg6Z70J7E
Redirect 301 /midnights/midnight-rain-lv https://youtu.be/Odh9ddPUkEY
Redirect 301 /midnights/question-lv https://youtu.be/xxrf_QBD5DE
Redirect 301 /midnights/vigilante-shit-lv https://youtu.be/Uoey4W_3bos
Redirect 301 /midnights/bejeweled-lv https://youtu.be/XzKSPRqFg9E
Redirect 301 /midnights/labyrinth-lv https://youtu.be/xTXsKMXUi7w
Redirect 301 /midnights/karma-lv https://youtu.be/rg18Kf4en2o
Redirect 301 /midnights/sweet-nothing-lv https://youtu.be/rn0brgg2BpI
Redirect 301 /midnights/mastermind-lv https://youtu.be/Tmz1lz0zcLQ
Redirect 301 /midnights/the-great-war-lv https://youtu.be/iFX6_9h7th0
Redirect 301 /midnights/bigger-than-the-whole-sky-lv https://youtu.be/l8Tps3PITx4
Redirect 301 /midnights/paris-lv https://youtu.be/ySZGZrcqvr4
Redirect 301 /midnights/high-infidelity-lv https://youtu.be/-qee6dFKlw4
Redirect 301 /midnights/glitch-lv https://youtu.be/Y2a73EvnZ4s
Redirect 301 /midnights/wouldve-couldve-shouldve-lv https://youtu.be/B-MfwP_RmHY
Redirect 301 /midnights/dear-reader-lv https://youtu.be/X0Jti9F-oQA
# Simpler Redirects For Midnights Lyric Videos
Redirect 301 /lavender-haze-lv https://youtu.be/mkR_Qwix4Ho
Redirect 301 /maroon-lv https://youtu.be/lvHZjvIyqsk
Redirect 301 /anti-hero-lv https://youtu.be/XqN2qFvY64U
Redirect 301 /snow-on-the-beach-lv https://youtu.be/ycE7bUq3-2k
Redirect 301 /youre-on-your-own-kid-lv https://youtu.be/7Gbg6Z70J7E
Redirect 301 /midnight-rain-lv https://youtu.be/Odh9ddPUkEY
Redirect 301 /question-lv https://youtu.be/xxrf_QBD5DE
Redirect 301 /vigilante-shit-lv https://youtu.be/Uoey4W_3bos
Redirect 301 /bejeweled-lv https://youtu.be/XzKSPRqFg9E
Redirect 301 /labyrinth-lv https://youtu.be/xTXsKMXUi7w
Redirect 301 /karma-lv https://youtu.be/rg18Kf4en2o
Redirect 301 /sweet-nothing-lv https://youtu.be/rn0brgg2BpI
Redirect 301 /mastermind-lv https://youtu.be/Tmz1lz0zcLQ
Redirect 301 /the-great-war-lv https://youtu.be/iFX6_9h7th0
Redirect 301 /bigger-than-the-whole-sky-lv https://youtu.be/l8Tps3PITx4
Redirect 301 /paris-lv https://youtu.be/ySZGZrcqvr4
Redirect 301 /high-infidelity-lv https://youtu.be/-qee6dFKlw4
Redirect 301 /glitch-lv https://youtu.be/Y2a73EvnZ4s
Redirect 301 /wouldve-couldve-shouldve-lv https://youtu.be/B-MfwP_RmHY
Redirect 301 /dear-reader-lv https://youtu.be/X0Jti9F-oQA
